hydrocode	tsvalue	varkey	tstime	hcode
usgs_03207800	NA	mllr_july_05	1456808400	usgs_03207800
usgs_03207800	NA	mllr_july_10	1456808400	usgs_03207800
usgs_03207800	NA	mllr_july_25	1456808400	usgs_03207800
usgs_03207800	NA	mllr_july_50	1456808400	usgs_03207800
usgs_03207800	NA	mllr_august_05	1456808400	usgs_03207800
usgs_03207800	NA	mllr_august_10	1456808400	usgs_03207800
usgs_03207800	NA	mllr_august_25	1456808400	usgs_03207800
usgs_03207800	NA	mllr_august_50	1456808400	usgs_03207800
usgs_03207800	NA	mllr_september_05	1456808400	usgs_03207800
usgs_03207800	NA	mllr_september_10	1456808400	usgs_03207800
usgs_03207800	NA	mllr_september_25	1456808400	usgs_03207800
usgs_03207800	NA	mllr_september_50	1456808400	usgs_03207800
usgs_03208500	NA	mllr_july_05	1456808400	usgs_03208500
usgs_03208500	NA	mllr_july_10	1456808400	usgs_03208500
usgs_03208500	NA	mllr_july_25	1456808400	usgs_03208500
usgs_03208500	NA	mllr_july_50	1456808400	usgs_03208500
usgs_03208500	NA	mllr_august_05	1456808400	usgs_03208500
usgs_03208500	NA	mllr_august_10	1456808400	usgs_03208500
usgs_03208500	NA	mllr_august_25	1456808400	usgs_03208500
usgs_03208500	NA	mllr_august_50	1456808400	usgs_03208500
usgs_03208500	NA	mllr_september_05	1456808400	usgs_03208500
usgs_03208500	NA	mllr_september_10	1456808400	usgs_03208500
usgs_03208500	NA	mllr_september_25	1456808400	usgs_03208500
usgs_03208500	NA	mllr_september_50	1456808400	usgs_03208500
usgs_03208950	NA	mllr_july_05	1456808400	usgs_03208950
usgs_03208950	NA	mllr_july_10	1456808400	usgs_03208950
usgs_03208950	NA	mllr_july_25	1456808400	usgs_03208950
usgs_03208950	NA	mllr_july_50	1456808400	usgs_03208950
usgs_03208950	NA	mllr_august_05	1456808400	usgs_03208950
usgs_03208950	NA	mllr_august_10	1456808400	usgs_03208950
usgs_03208950	NA	mllr_august_25	1456808400	usgs_03208950
usgs_03208950	NA	mllr_august_50	1456808400	usgs_03208950
usgs_03208950	NA	mllr_september_05	1456808400	usgs_03208950
usgs_03208950	NA	mllr_september_10	1456808400	usgs_03208950
usgs_03208950	NA	mllr_september_25	1456808400	usgs_03208950
usgs_03208950	NA	mllr_september_50	1456808400	usgs_03208950
usgs_03209000	NA	mllr_july_05	1456808400	usgs_03209000
usgs_03209000	NA	mllr_july_10	1456808400	usgs_03209000
usgs_03209000	NA	mllr_july_25	1456808400	usgs_03209000
usgs_03209000	NA	mllr_july_50	1456808400	usgs_03209000
usgs_03209000	NA	mllr_august_05	1456808400	usgs_03209000
usgs_03209000	NA	mllr_august_10	1456808400	usgs_03209000
usgs_03209000	NA	mllr_august_25	1456808400	usgs_03209000
usgs_03209000	NA	mllr_august_50	1456808400	usgs_03209000
usgs_03209000	NA	mllr_september_05	1456808400	usgs_03209000
usgs_03209000	NA	mllr_september_10	1456808400	usgs_03209000
usgs_03209000	NA	mllr_september_25	1456808400	usgs_03209000
usgs_03209000	NA	mllr_september_50	1456808400	usgs_03209000
usgs_02044500	NA	mllr_july_05	1456808400	usgs_02044500
usgs_02044500	NA	mllr_july_10	1456808400	usgs_02044500
usgs_02044500	NA	mllr_july_25	1456808400	usgs_02044500
usgs_02044500	NA	mllr_july_50	1456808400	usgs_02044500
usgs_02044500	NA	mllr_august_05	1456808400	usgs_02044500
usgs_02044500	NA	mllr_august_10	1456808400	usgs_02044500
usgs_02044500	NA	mllr_august_25	1456808400	usgs_02044500
usgs_02044500	NA	mllr_august_50	1456808400	usgs_02044500
usgs_02044500	NA	mllr_september_05	1456808400	usgs_02044500
usgs_02044500	NA	mllr_september_10	1456808400	usgs_02044500
usgs_02044500	NA	mllr_september_25	1456808400	usgs_02044500
usgs_02044500	NA	mllr_september_50	1456808400	usgs_02044500
usgs_02045500	NA	mllr_july_05	1456808400	usgs_02045500
usgs_02045500	NA	mllr_july_10	1456808400	usgs_02045500
usgs_02045500	NA	mllr_july_25	1456808400	usgs_02045500
usgs_02045500	NA	mllr_july_50	1456808400	usgs_02045500
usgs_02045500	NA	mllr_august_05	1456808400	usgs_02045500
usgs_02045500	NA	mllr_august_10	1456808400	usgs_02045500
usgs_02045500	NA	mllr_august_25	1456808400	usgs_02045500
usgs_02045500	NA	mllr_august_50	1456808400	usgs_02045500
usgs_02045500	NA	mllr_september_05	1456808400	usgs_02045500
usgs_02045500	NA	mllr_september_10	1456808400	usgs_02045500
usgs_02045500	NA	mllr_september_25	1456808400	usgs_02045500
usgs_02045500	NA	mllr_september_50	1456808400	usgs_02045500
usgs_02046000	NA	mllr_july_05	1456808400	usgs_02046000
usgs_02046000	NA	mllr_july_10	1456808400	usgs_02046000
usgs_02046000	NA	mllr_july_25	1456808400	usgs_02046000
usgs_02046000	NA	mllr_july_50	1456808400	usgs_02046000
usgs_02046000	NA	mllr_august_05	1456808400	usgs_02046000
usgs_02046000	NA	mllr_august_10	1456808400	usgs_02046000
usgs_02046000	NA	mllr_august_25	1456808400	usgs_02046000
usgs_02046000	NA	mllr_august_50	1456808400	usgs_02046000
usgs_02046000	NA	mllr_september_05	1456808400	usgs_02046000
usgs_02046000	NA	mllr_september_10	1456808400	usgs_02046000
usgs_02046000	NA	mllr_september_25	1456808400	usgs_02046000
usgs_02046000	NA	mllr_september_50	1456808400	usgs_02046000
usgs_02047000	NA	mllr_july_05	1456808400	usgs_02047000
usgs_02047000	NA	mllr_july_10	1456808400	usgs_02047000
usgs_02047000	NA	mllr_july_25	1456808400	usgs_02047000
usgs_02047000	NA	mllr_july_50	1456808400	usgs_02047000
usgs_02047000	NA	mllr_august_05	1456808400	usgs_02047000
usgs_02047000	NA	mllr_august_10	1456808400	usgs_02047000
usgs_02047000	NA	mllr_august_25	1456808400	usgs_02047000
usgs_02047000	NA	mllr_august_50	1456808400	usgs_02047000
usgs_02047000	NA	mllr_september_05	1456808400	usgs_02047000
usgs_02047000	NA	mllr_september_10	1456808400	usgs_02047000
usgs_02047000	NA	mllr_september_25	1456808400	usgs_02047000
usgs_02047000	NA	mllr_september_50	1456808400	usgs_02047000
usgs_02047500	NA	mllr_july_05	1456808400	usgs_02047500
usgs_02047500	NA	mllr_july_10	1456808400	usgs_02047500
usgs_02047500	NA	mllr_july_25	1456808400	usgs_02047500
usgs_02047500	NA	mllr_july_50	1456808400	usgs_02047500
usgs_02047500	NA	mllr_august_05	1456808400	usgs_02047500
usgs_02047500	NA	mllr_august_10	1456808400	usgs_02047500
usgs_02047500	NA	mllr_august_25	1456808400	usgs_02047500
usgs_02047500	NA	mllr_august_50	1456808400	usgs_02047500
usgs_02047500	NA	mllr_september_05	1456808400	usgs_02047500
usgs_02047500	NA	mllr_september_10	1456808400	usgs_02047500
usgs_02047500	NA	mllr_september_25	1456808400	usgs_02047500
usgs_02047500	NA	mllr_september_50	1456808400	usgs_02047500
usgs_02049500	NA	mllr_july_05	1456808400	usgs_02049500
usgs_02049500	NA	mllr_july_10	1456808400	usgs_02049500
usgs_02049500	NA	mllr_july_25	1456808400	usgs_02049500
usgs_02049500	NA	mllr_july_50	1456808400	usgs_02049500
usgs_02049500	NA	mllr_august_05	1456808400	usgs_02049500
usgs_02049500	NA	mllr_august_10	1456808400	usgs_02049500
usgs_02049500	NA	mllr_august_25	1456808400	usgs_02049500
usgs_02049500	NA	mllr_august_50	1456808400	usgs_02049500
usgs_02049500	NA	mllr_september_05	1456808400	usgs_02049500
usgs_02049500	NA	mllr_september_10	1456808400	usgs_02049500
usgs_02049500	NA	mllr_september_25	1456808400	usgs_02049500
usgs_02049500	NA	mllr_september_50	1456808400	usgs_02049500
usgs_02051000	NA	mllr_july_05	1456808400	usgs_02051000
usgs_02051000	NA	mllr_july_10	1456808400	usgs_02051000
usgs_02051000	NA	mllr_july_25	1456808400	usgs_02051000
usgs_02051000	NA	mllr_july_50	1456808400	usgs_02051000
usgs_02051000	NA	mllr_august_05	1456808400	usgs_02051000
usgs_02051000	NA	mllr_august_10	1456808400	usgs_02051000
usgs_02051000	NA	mllr_august_25	1456808400	usgs_02051000
usgs_02051000	NA	mllr_august_50	1456808400	usgs_02051000
usgs_02051000	NA	mllr_september_05	1456808400	usgs_02051000
usgs_02051000	NA	mllr_september_10	1456808400	usgs_02051000
usgs_02051000	NA	mllr_september_25	1456808400	usgs_02051000
usgs_02051000	NA	mllr_september_50	1456808400	usgs_02051000
usgs_02051500	NA	mllr_july_05	1456808400	usgs_02051500
usgs_02051500	NA	mllr_july_10	1456808400	usgs_02051500
usgs_02051500	NA	mllr_july_25	1456808400	usgs_02051500
usgs_02051500	NA	mllr_july_50	1456808400	usgs_02051500
usgs_02051500	NA	mllr_august_05	1456808400	usgs_02051500
usgs_02051500	NA	mllr_august_10	1456808400	usgs_02051500
usgs_02051500	NA	mllr_august_25	1456808400	usgs_02051500
usgs_02051500	NA	mllr_august_50	1456808400	usgs_02051500
usgs_02051500	NA	mllr_september_05	1456808400	usgs_02051500
usgs_02051500	NA	mllr_september_10	1456808400	usgs_02051500
usgs_02051500	NA	mllr_september_25	1456808400	usgs_02051500
usgs_02051500	NA	mllr_september_50	1456808400	usgs_02051500
usgs_02052000	NA	mllr_july_05	1456808400	usgs_02052000
usgs_02052000	NA	mllr_july_10	1456808400	usgs_02052000
usgs_02052000	NA	mllr_july_25	1456808400	usgs_02052000
usgs_02052000	NA	mllr_july_50	1456808400	usgs_02052000
usgs_02052000	NA	mllr_august_05	1456808400	usgs_02052000
usgs_02052000	NA	mllr_august_10	1456808400	usgs_02052000
usgs_02052000	NA	mllr_august_25	1456808400	usgs_02052000
usgs_02052000	NA	mllr_august_50	1456808400	usgs_02052000
usgs_02052000	NA	mllr_september_05	1456808400	usgs_02052000
usgs_02052000	NA	mllr_september_10	1456808400	usgs_02052000
usgs_02052000	NA	mllr_september_25	1456808400	usgs_02052000
usgs_02052000	NA	mllr_september_50	1456808400	usgs_02052000
usgs_02011400	NA	mllr_july_05	1456808400	usgs_02011400
usgs_02011400	NA	mllr_july_10	1456808400	usgs_02011400
usgs_02011400	NA	mllr_july_25	1456808400	usgs_02011400
usgs_02011400	NA	mllr_july_50	1456808400	usgs_02011400
usgs_02011400	NA	mllr_august_05	1456808400	usgs_02011400
usgs_02011400	NA	mllr_august_10	1456808400	usgs_02011400
usgs_02011400	NA	mllr_august_25	1456808400	usgs_02011400
usgs_02011400	NA	mllr_august_50	1456808400	usgs_02011400
usgs_02011400	NA	mllr_september_05	1456808400	usgs_02011400
usgs_02011400	NA	mllr_september_10	1456808400	usgs_02011400
usgs_02011400	NA	mllr_september_25	1456808400	usgs_02011400
usgs_02011400	NA	mllr_september_50	1456808400	usgs_02011400
usgs_02011460	NA	mllr_july_05	1456808400	usgs_02011460
usgs_02011460	NA	mllr_july_10	1456808400	usgs_02011460
usgs_02011460	NA	mllr_july_25	1456808400	usgs_02011460
usgs_02011460	NA	mllr_july_50	1456808400	usgs_02011460
usgs_02011460	NA	mllr_august_05	1456808400	usgs_02011460
usgs_02011460	NA	mllr_august_10	1456808400	usgs_02011460
usgs_02011460	NA	mllr_august_25	1456808400	usgs_02011460
usgs_02011460	NA	mllr_august_50	1456808400	usgs_02011460
usgs_02011460	NA	mllr_september_05	1456808400	usgs_02011460
usgs_02011460	NA	mllr_september_10	1456808400	usgs_02011460
usgs_02011460	NA	mllr_september_25	1456808400	usgs_02011460
usgs_02011460	NA	mllr_september_50	1456808400	usgs_02011460
usgs_02011470	NA	mllr_july_05	1456808400	usgs_02011470
usgs_02011470	NA	mllr_july_10	1456808400	usgs_02011470
usgs_02011470	NA	mllr_july_25	1456808400	usgs_02011470
usgs_02011470	NA	mllr_july_50	1456808400	usgs_02011470
usgs_02011470	NA	mllr_august_05	1456808400	usgs_02011470
usgs_02011470	NA	mllr_august_10	1456808400	usgs_02011470
usgs_02011470	NA	mllr_august_25	1456808400	usgs_02011470
usgs_02011470	NA	mllr_august_50	1456808400	usgs_02011470
usgs_02011470	NA	mllr_september_05	1456808400	usgs_02011470
usgs_02011470	NA	mllr_september_10	1456808400	usgs_02011470
usgs_02011470	NA	mllr_september_25	1456808400	usgs_02011470
usgs_02011470	NA	mllr_september_50	1456808400	usgs_02011470
usgs_02011490	NA	mllr_july_05	1456808400	usgs_02011490
usgs_02011490	NA	mllr_july_10	1456808400	usgs_02011490
usgs_02011490	NA	mllr_july_25	1456808400	usgs_02011490
usgs_02011490	NA	mllr_july_50	1456808400	usgs_02011490
usgs_02011490	NA	mllr_august_05	1456808400	usgs_02011490
usgs_02011490	NA	mllr_august_10	1456808400	usgs_02011490
usgs_02011490	NA	mllr_august_25	1456808400	usgs_02011490
usgs_02011490	NA	mllr_august_50	1456808400	usgs_02011490
usgs_02011490	NA	mllr_september_05	1456808400	usgs_02011490
usgs_02011490	NA	mllr_september_10	1456808400	usgs_02011490
usgs_02011490	NA	mllr_september_25	1456808400	usgs_02011490
usgs_02011490	NA	mllr_september_50	1456808400	usgs_02011490
usgs_02011500	NA	mllr_july_05	1456808400	usgs_02011500
usgs_02011500	NA	mllr_july_10	1456808400	usgs_02011500
usgs_02011500	NA	mllr_july_25	1456808400	usgs_02011500
usgs_02011500	NA	mllr_july_50	1456808400	usgs_02011500
usgs_02011500	NA	mllr_august_05	1456808400	usgs_02011500
usgs_02011500	NA	mllr_august_10	1456808400	usgs_02011500
usgs_02011500	NA	mllr_august_25	1456808400	usgs_02011500
usgs_02011500	NA	mllr_august_50	1456808400	usgs_02011500
usgs_02011500	NA	mllr_september_05	1456808400	usgs_02011500
usgs_02011500	NA	mllr_september_10	1456808400	usgs_02011500
usgs_02011500	NA	mllr_september_25	1456808400	usgs_02011500
usgs_02011500	NA	mllr_september_50	1456808400	usgs_02011500
usgs_02011800	NA	mllr_july_05	1456808400	usgs_02011800
usgs_02011800	NA	mllr_july_10	1456808400	usgs_02011800
usgs_02011800	NA	mllr_july_25	1456808400	usgs_02011800
usgs_02011800	NA	mllr_july_50	1456808400	usgs_02011800
usgs_02011800	NA	mllr_august_05	1456808400	usgs_02011800
usgs_02011800	NA	mllr_august_10	1456808400	usgs_02011800
usgs_02011800	NA	mllr_august_25	1456808400	usgs_02011800
usgs_02011800	NA	mllr_august_50	1456808400	usgs_02011800
usgs_02011800	NA	mllr_september_05	1456808400	usgs_02011800
usgs_02011800	NA	mllr_september_10	1456808400	usgs_02011800
usgs_02011800	NA	mllr_september_25	1456808400	usgs_02011800
usgs_02011800	NA	mllr_september_50	1456808400	usgs_02011800
usgs_02013000	NA	mllr_july_05	1456808400	usgs_02013000
usgs_02013000	NA	mllr_july_10	1456808400	usgs_02013000
usgs_02013000	NA	mllr_july_25	1456808400	usgs_02013000
usgs_02013000	NA	mllr_july_50	1456808400	usgs_02013000
usgs_02013000	NA	mllr_august_05	1456808400	usgs_02013000
usgs_02013000	NA	mllr_august_10	1456808400	usgs_02013000
usgs_02013000	NA	mllr_august_25	1456808400	usgs_02013000
usgs_02013000	NA	mllr_august_50	1456808400	usgs_02013000
usgs_02013000	NA	mllr_september_05	1456808400	usgs_02013000
usgs_02013000	NA	mllr_september_10	1456808400	usgs_02013000
usgs_02013000	NA	mllr_september_25	1456808400	usgs_02013000
usgs_02013000	NA	mllr_september_50	1456808400	usgs_02013000
usgs_02013100	NA	mllr_july_05	1456808400	usgs_02013100
usgs_02013100	NA	mllr_july_10	1456808400	usgs_02013100
usgs_02013100	NA	mllr_july_25	1456808400	usgs_02013100
usgs_02013100	NA	mllr_july_50	1456808400	usgs_02013100
usgs_02013100	NA	mllr_august_05	1456808400	usgs_02013100
usgs_02013100	NA	mllr_august_10	1456808400	usgs_02013100
usgs_02013100	NA	mllr_august_25	1456808400	usgs_02013100
usgs_02013100	NA	mllr_august_50	1456808400	usgs_02013100
usgs_02013100	NA	mllr_september_05	1456808400	usgs_02013100
usgs_02013100	NA	mllr_september_10	1456808400	usgs_02013100
usgs_02013100	NA	mllr_september_25	1456808400	usgs_02013100
usgs_02013100	NA	mllr_september_50	1456808400	usgs_02013100
usgs_02014000	NA	mllr_july_05	1456808400	usgs_02014000
usgs_02014000	NA	mllr_july_10	1456808400	usgs_02014000
usgs_02014000	NA	mllr_july_25	1456808400	usgs_02014000
usgs_02014000	NA	mllr_july_50	1456808400	usgs_02014000
usgs_02014000	NA	mllr_august_05	1456808400	usgs_02014000
usgs_02014000	NA	mllr_august_10	1456808400	usgs_02014000
usgs_02014000	NA	mllr_august_25	1456808400	usgs_02014000
usgs_02014000	NA	mllr_august_50	1456808400	usgs_02014000
usgs_02014000	NA	mllr_september_05	1456808400	usgs_02014000
usgs_02014000	NA	mllr_september_10	1456808400	usgs_02014000
usgs_02014000	NA	mllr_september_25	1456808400	usgs_02014000
usgs_02014000	NA	mllr_september_50	1456808400	usgs_02014000
usgs_02015700	NA	mllr_july_05	1456808400	usgs_02015700
usgs_02015700	NA	mllr_july_10	1456808400	usgs_02015700
usgs_02015700	NA	mllr_july_25	1456808400	usgs_02015700
usgs_02015700	NA	mllr_july_50	1456808400	usgs_02015700
usgs_02015700	NA	mllr_august_05	1456808400	usgs_02015700
usgs_02015700	NA	mllr_august_10	1456808400	usgs_02015700
usgs_02015700	NA	mllr_august_25	1456808400	usgs_02015700
usgs_02015700	NA	mllr_august_50	1456808400	usgs_02015700
usgs_02015700	NA	mllr_september_05	1456808400	usgs_02015700
usgs_02015700	NA	mllr_september_10	1456808400	usgs_02015700
usgs_02015700	NA	mllr_september_25	1456808400	usgs_02015700
usgs_02015700	NA	mllr_september_50	1456808400	usgs_02015700
usgs_02016000	NA	mllr_july_05	1456808400	usgs_02016000
usgs_02016000	NA	mllr_july_10	1456808400	usgs_02016000
usgs_02016000	NA	mllr_july_25	1456808400	usgs_02016000
usgs_02016000	NA	mllr_july_50	1456808400	usgs_02016000
usgs_02016000	NA	mllr_august_05	1456808400	usgs_02016000
usgs_02016000	NA	mllr_august_10	1456808400	usgs_02016000
usgs_02016000	NA	mllr_august_25	1456808400	usgs_02016000
usgs_02016000	NA	mllr_august_50	1456808400	usgs_02016000
usgs_02016000	NA	mllr_september_05	1456808400	usgs_02016000
usgs_02016000	NA	mllr_september_10	1456808400	usgs_02016000
usgs_02016000	NA	mllr_september_25	1456808400	usgs_02016000
usgs_02016000	NA	mllr_september_50	1456808400	usgs_02016000
usgs_02016500	NA	mllr_july_05	1456808400	usgs_02016500
usgs_02016500	NA	mllr_july_10	1456808400	usgs_02016500
usgs_02016500	NA	mllr_july_25	1456808400	usgs_02016500
usgs_02016500	NA	mllr_july_50	1456808400	usgs_02016500
usgs_02016500	NA	mllr_august_05	1456808400	usgs_02016500
usgs_02016500	NA	mllr_august_10	1456808400	usgs_02016500
usgs_02016500	NA	mllr_august_25	1456808400	usgs_02016500
usgs_02016500	NA	mllr_august_50	1456808400	usgs_02016500
usgs_02016500	NA	mllr_september_05	1456808400	usgs_02016500
usgs_02016500	NA	mllr_september_10	1456808400	usgs_02016500
usgs_02016500	NA	mllr_september_25	1456808400	usgs_02016500
usgs_02016500	NA	mllr_september_50	1456808400	usgs_02016500
usgs_02017500	NA	mllr_july_05	1456808400	usgs_02017500
usgs_02017500	NA	mllr_july_10	1456808400	usgs_02017500
usgs_02017500	NA	mllr_july_25	1456808400	usgs_02017500
usgs_02017500	NA	mllr_july_50	1456808400	usgs_02017500
usgs_02017500	NA	mllr_august_05	1456808400	usgs_02017500
usgs_02017500	NA	mllr_august_10	1456808400	usgs_02017500
usgs_02017500	NA	mllr_august_25	1456808400	usgs_02017500
usgs_02017500	NA	mllr_august_50	1456808400	usgs_02017500
usgs_02017500	NA	mllr_september_05	1456808400	usgs_02017500
usgs_02017500	NA	mllr_september_10	1456808400	usgs_02017500
usgs_02017500	NA	mllr_september_25	1456808400	usgs_02017500
usgs_02017500	NA	mllr_september_50	1456808400	usgs_02017500
usgs_02018000	NA	mllr_july_05	1456808400	usgs_02018000
usgs_02018000	NA	mllr_july_10	1456808400	usgs_02018000
usgs_02018000	NA	mllr_july_25	1456808400	usgs_02018000
usgs_02018000	NA	mllr_july_50	1456808400	usgs_02018000
usgs_02018000	NA	mllr_august_05	1456808400	usgs_02018000
usgs_02018000	NA	mllr_august_10	1456808400	usgs_02018000
usgs_02018000	NA	mllr_august_25	1456808400	usgs_02018000
usgs_02018000	NA	mllr_august_50	1456808400	usgs_02018000
usgs_02018000	NA	mllr_september_05	1456808400	usgs_02018000
usgs_02018000	NA	mllr_september_10	1456808400	usgs_02018000
usgs_02018000	NA	mllr_september_25	1456808400	usgs_02018000
usgs_02018000	NA	mllr_september_50	1456808400	usgs_02018000
usgs_02018500	NA	mllr_july_05	1456808400	usgs_02018500
usgs_02018500	NA	mllr_july_10	1456808400	usgs_02018500
usgs_02018500	NA	mllr_july_25	1456808400	usgs_02018500
usgs_02018500	NA	mllr_july_50	1456808400	usgs_02018500
usgs_02018500	NA	mllr_august_05	1456808400	usgs_02018500
usgs_02018500	NA	mllr_august_10	1456808400	usgs_02018500
usgs_02018500	NA	mllr_august_25	1456808400	usgs_02018500
usgs_02018500	NA	mllr_august_50	1456808400	usgs_02018500
usgs_02018500	NA	mllr_september_05	1456808400	usgs_02018500
usgs_02018500	NA	mllr_september_10	1456808400	usgs_02018500
usgs_02018500	NA	mllr_september_25	1456808400	usgs_02018500
usgs_02018500	NA	mllr_september_50	1456808400	usgs_02018500
usgs_02019500	NA	mllr_july_05	1456808400	usgs_02019500
usgs_02019500	NA	mllr_july_10	1456808400	usgs_02019500
usgs_02019500	NA	mllr_july_25	1456808400	usgs_02019500
usgs_02019500	NA	mllr_july_50	1456808400	usgs_02019500
usgs_02019500	NA	mllr_august_05	1456808400	usgs_02019500
usgs_02019500	NA	mllr_august_10	1456808400	usgs_02019500
usgs_02019500	NA	mllr_august_25	1456808400	usgs_02019500
usgs_02019500	NA	mllr_august_50	1456808400	usgs_02019500
usgs_02019500	NA	mllr_september_05	1456808400	usgs_02019500
usgs_02019500	NA	mllr_september_10	1456808400	usgs_02019500
usgs_02019500	NA	mllr_september_25	1456808400	usgs_02019500
usgs_02019500	NA	mllr_september_50	1456808400	usgs_02019500
usgs_02020500	NA	mllr_july_05	1456808400	usgs_02020500
usgs_02020500	NA	mllr_july_10	1456808400	usgs_02020500
usgs_02020500	NA	mllr_july_25	1456808400	usgs_02020500
usgs_02020500	NA	mllr_july_50	1456808400	usgs_02020500
usgs_02020500	NA	mllr_august_05	1456808400	usgs_02020500
usgs_02020500	NA	mllr_august_10	1456808400	usgs_02020500
usgs_02020500	NA	mllr_august_25	1456808400	usgs_02020500
usgs_02020500	NA	mllr_august_50	1456808400	usgs_02020500
usgs_02020500	NA	mllr_september_05	1456808400	usgs_02020500
usgs_02020500	NA	mllr_september_10	1456808400	usgs_02020500
usgs_02020500	NA	mllr_september_25	1456808400	usgs_02020500
usgs_02020500	NA	mllr_september_50	1456808400	usgs_02020500
usgs_02021500	NA	mllr_july_05	1456808400	usgs_02021500
usgs_02021500	NA	mllr_july_10	1456808400	usgs_02021500
usgs_02021500	NA	mllr_july_25	1456808400	usgs_02021500
usgs_02021500	NA	mllr_july_50	1456808400	usgs_02021500
usgs_02021500	NA	mllr_august_05	1456808400	usgs_02021500
usgs_02021500	NA	mllr_august_10	1456808400	usgs_02021500
usgs_02021500	NA	mllr_august_25	1456808400	usgs_02021500
usgs_02021500	NA	mllr_august_50	1456808400	usgs_02021500
usgs_02021500	NA	mllr_september_05	1456808400	usgs_02021500
usgs_02021500	NA	mllr_september_10	1456808400	usgs_02021500
usgs_02021500	NA	mllr_september_25	1456808400	usgs_02021500
usgs_02021500	NA	mllr_september_50	1456808400	usgs_02021500
usgs_02022500	NA	mllr_july_05	1456808400	usgs_02022500
usgs_02022500	NA	mllr_july_10	1456808400	usgs_02022500
usgs_02022500	NA	mllr_july_25	1456808400	usgs_02022500
usgs_02022500	NA	mllr_july_50	1456808400	usgs_02022500
usgs_02022500	NA	mllr_august_05	1456808400	usgs_02022500
usgs_02022500	NA	mllr_august_10	1456808400	usgs_02022500
usgs_02022500	NA	mllr_august_25	1456808400	usgs_02022500
usgs_02022500	NA	mllr_august_50	1456808400	usgs_02022500
usgs_02022500	NA	mllr_september_05	1456808400	usgs_02022500
usgs_02022500	NA	mllr_september_10	1456808400	usgs_02022500
usgs_02022500	NA	mllr_september_25	1456808400	usgs_02022500
usgs_02022500	NA	mllr_september_50	1456808400	usgs_02022500
usgs_02024000	NA	mllr_july_05	1456808400	usgs_02024000
usgs_02024000	NA	mllr_july_10	1456808400	usgs_02024000
usgs_02024000	NA	mllr_july_25	1456808400	usgs_02024000
usgs_02024000	NA	mllr_july_50	1456808400	usgs_02024000
usgs_02024000	NA	mllr_august_05	1456808400	usgs_02024000
usgs_02024000	NA	mllr_august_10	1456808400	usgs_02024000
usgs_02024000	NA	mllr_august_25	1456808400	usgs_02024000
usgs_02024000	NA	mllr_august_50	1456808400	usgs_02024000
usgs_02024000	NA	mllr_september_05	1456808400	usgs_02024000
usgs_02024000	NA	mllr_september_10	1456808400	usgs_02024000
usgs_02024000	NA	mllr_september_25	1456808400	usgs_02024000
usgs_02024000	NA	mllr_september_50	1456808400	usgs_02024000
usgs_02025500	NA	mllr_july_05	1456808400	usgs_02025500
usgs_02025500	NA	mllr_july_10	1456808400	usgs_02025500
usgs_02025500	NA	mllr_july_25	1456808400	usgs_02025500
usgs_02025500	NA	mllr_july_50	1456808400	usgs_02025500
usgs_02025500	NA	mllr_august_05	1456808400	usgs_02025500
usgs_02025500	NA	mllr_august_10	1456808400	usgs_02025500
usgs_02025500	NA	mllr_august_25	1456808400	usgs_02025500
usgs_02025500	NA	mllr_august_50	1456808400	usgs_02025500
usgs_02025500	NA	mllr_september_05	1456808400	usgs_02025500
usgs_02025500	NA	mllr_september_10	1456808400	usgs_02025500
usgs_02025500	NA	mllr_september_25	1456808400	usgs_02025500
usgs_02025500	NA	mllr_september_50	1456808400	usgs_02025500
usgs_02026000	NA	mllr_july_05	1456808400	usgs_02026000
usgs_02026000	NA	mllr_july_10	1456808400	usgs_02026000
usgs_02026000	NA	mllr_july_25	1456808400	usgs_02026000
usgs_02026000	NA	mllr_july_50	1456808400	usgs_02026000
usgs_02026000	NA	mllr_august_05	1456808400	usgs_02026000
usgs_02026000	NA	mllr_august_10	1456808400	usgs_02026000
usgs_02026000	NA	mllr_august_25	1456808400	usgs_02026000
usgs_02026000	NA	mllr_august_50	1456808400	usgs_02026000
usgs_02026000	NA	mllr_september_05	1456808400	usgs_02026000
usgs_02026000	NA	mllr_september_10	1456808400	usgs_02026000
usgs_02026000	NA	mllr_september_25	1456808400	usgs_02026000
usgs_02026000	NA	mllr_september_50	1456808400	usgs_02026000
usgs_02027000	NA	mllr_july_05	1456808400	usgs_02027000
usgs_02027000	NA	mllr_july_10	1456808400	usgs_02027000
usgs_02027000	NA	mllr_july_25	1456808400	usgs_02027000
usgs_02027000	NA	mllr_july_50	1456808400	usgs_02027000
usgs_02027000	NA	mllr_august_05	1456808400	usgs_02027000
usgs_02027000	NA	mllr_august_10	1456808400	usgs_02027000
usgs_02027000	NA	mllr_august_25	1456808400	usgs_02027000
usgs_02027000	NA	mllr_august_50	1456808400	usgs_02027000
usgs_02027000	NA	mllr_september_05	1456808400	usgs_02027000
usgs_02027000	NA	mllr_september_10	1456808400	usgs_02027000
usgs_02027000	NA	mllr_september_25	1456808400	usgs_02027000
usgs_02027000	NA	mllr_september_50	1456808400	usgs_02027000
usgs_02027500	NA	mllr_july_05	1456808400	usgs_02027500
usgs_02027500	NA	mllr_july_10	1456808400	usgs_02027500
usgs_02027500	NA	mllr_july_25	1456808400	usgs_02027500
usgs_02027500	NA	mllr_july_50	1456808400	usgs_02027500
usgs_02027500	NA	mllr_august_05	1456808400	usgs_02027500
usgs_02027500	NA	mllr_august_10	1456808400	usgs_02027500
usgs_02027500	NA	mllr_august_25	1456808400	usgs_02027500
usgs_02027500	NA	mllr_august_50	1456808400	usgs_02027500
usgs_02027500	NA	mllr_september_05	1456808400	usgs_02027500
usgs_02027500	NA	mllr_september_10	1456808400	usgs_02027500
usgs_02027500	NA	mllr_september_25	1456808400	usgs_02027500
usgs_02027500	NA	mllr_september_50	1456808400	usgs_02027500
usgs_02028500	NA	mllr_july_05	1456808400	usgs_02028500
usgs_02028500	NA	mllr_july_10	1456808400	usgs_02028500
usgs_02028500	NA	mllr_july_25	1456808400	usgs_02028500
usgs_02028500	NA	mllr_july_50	1456808400	usgs_02028500
usgs_02028500	NA	mllr_august_05	1456808400	usgs_02028500
usgs_02028500	NA	mllr_august_10	1456808400	usgs_02028500
usgs_02028500	NA	mllr_august_25	1456808400	usgs_02028500
usgs_02028500	NA	mllr_august_50	1456808400	usgs_02028500
usgs_02028500	NA	mllr_september_05	1456808400	usgs_02028500
usgs_02028500	NA	mllr_september_10	1456808400	usgs_02028500
usgs_02028500	NA	mllr_september_25	1456808400	usgs_02028500
usgs_02028500	NA	mllr_september_50	1456808400	usgs_02028500
usgs_02029000	NA	mllr_july_05	1456808400	usgs_02029000
usgs_02029000	NA	mllr_july_10	1456808400	usgs_02029000
usgs_02029000	NA	mllr_july_25	1456808400	usgs_02029000
usgs_02029000	NA	mllr_july_50	1456808400	usgs_02029000
usgs_02029000	NA	mllr_august_05	1456808400	usgs_02029000
usgs_02029000	NA	mllr_august_10	1456808400	usgs_02029000
usgs_02029000	NA	mllr_august_25	1456808400	usgs_02029000
usgs_02029000	NA	mllr_august_50	1456808400	usgs_02029000
usgs_02029000	NA	mllr_september_05	1456808400	usgs_02029000
usgs_02029000	NA	mllr_september_10	1456808400	usgs_02029000
usgs_02029000	NA	mllr_september_25	1456808400	usgs_02029000
usgs_02029000	NA	mllr_september_50	1456808400	usgs_02029000
usgs_02030000	NA	mllr_july_05	1456808400	usgs_02030000
usgs_02030000	NA	mllr_july_10	1456808400	usgs_02030000
usgs_02030000	NA	mllr_july_25	1456808400	usgs_02030000
usgs_02030000	NA	mllr_july_50	1456808400	usgs_02030000
usgs_02030000	NA	mllr_august_05	1456808400	usgs_02030000
usgs_02030000	NA	mllr_august_10	1456808400	usgs_02030000
usgs_02030000	NA	mllr_august_25	1456808400	usgs_02030000
usgs_02030000	NA	mllr_august_50	1456808400	usgs_02030000
usgs_02030000	NA	mllr_september_05	1456808400	usgs_02030000
usgs_02030000	NA	mllr_september_10	1456808400	usgs_02030000
usgs_02030000	NA	mllr_september_25	1456808400	usgs_02030000
usgs_02030000	NA	mllr_september_50	1456808400	usgs_02030000
usgs_02030500	NA	mllr_july_05	1456808400	usgs_02030500
usgs_02030500	NA	mllr_july_10	1456808400	usgs_02030500
usgs_02030500	NA	mllr_july_25	1456808400	usgs_02030500
usgs_02030500	NA	mllr_july_50	1456808400	usgs_02030500
usgs_02030500	NA	mllr_august_05	1456808400	usgs_02030500
usgs_02030500	NA	mllr_august_10	1456808400	usgs_02030500
usgs_02030500	NA	mllr_august_25	1456808400	usgs_02030500
usgs_02030500	NA	mllr_august_50	1456808400	usgs_02030500
usgs_02030500	NA	mllr_september_05	1456808400	usgs_02030500
usgs_02030500	NA	mllr_september_10	1456808400	usgs_02030500
usgs_02030500	NA	mllr_september_25	1456808400	usgs_02030500
usgs_02030500	NA	mllr_september_50	1456808400	usgs_02030500
usgs_02031000	NA	mllr_july_05	1456808400	usgs_02031000
usgs_02031000	NA	mllr_july_10	1456808400	usgs_02031000
usgs_02031000	NA	mllr_july_25	1456808400	usgs_02031000
usgs_02031000	NA	mllr_july_50	1456808400	usgs_02031000
usgs_02031000	NA	mllr_august_05	1456808400	usgs_02031000
usgs_02031000	NA	mllr_august_10	1456808400	usgs_02031000
usgs_02031000	NA	mllr_august_25	1456808400	usgs_02031000
usgs_02031000	NA	mllr_august_50	1456808400	usgs_02031000
usgs_02031000	NA	mllr_september_05	1456808400	usgs_02031000
usgs_02031000	NA	mllr_september_10	1456808400	usgs_02031000
usgs_02031000	NA	mllr_september_25	1456808400	usgs_02031000
usgs_02031000	NA	mllr_september_50	1456808400	usgs_02031000
usgs_02032250	NA	mllr_july_05	1456808400	usgs_02032250
usgs_02032250	NA	mllr_july_10	1456808400	usgs_02032250
usgs_02032250	NA	mllr_july_25	1456808400	usgs_02032250
usgs_02032250	NA	mllr_july_50	1456808400	usgs_02032250
usgs_02032250	NA	mllr_august_05	1456808400	usgs_02032250
usgs_02032250	NA	mllr_august_10	1456808400	usgs_02032250
usgs_02032250	NA	mllr_august_25	1456808400	usgs_02032250
usgs_02032250	NA	mllr_august_50	1456808400	usgs_02032250
usgs_02032250	NA	mllr_september_05	1456808400	usgs_02032250
usgs_02032250	NA	mllr_september_10	1456808400	usgs_02032250
usgs_02032250	NA	mllr_september_25	1456808400	usgs_02032250
usgs_02032250	NA	mllr_september_50	1456808400	usgs_02032250
usgs_02032640	NA	mllr_july_05	1456808400	usgs_02032640
usgs_02032640	NA	mllr_july_10	1456808400	usgs_02032640
usgs_02032640	NA	mllr_july_25	1456808400	usgs_02032640
usgs_02032640	NA	mllr_july_50	1456808400	usgs_02032640
usgs_02032640	NA	mllr_august_05	1456808400	usgs_02032640
usgs_02032640	NA	mllr_august_10	1456808400	usgs_02032640
usgs_02032640	NA	mllr_august_25	1456808400	usgs_02032640
usgs_02032640	NA	mllr_august_50	1456808400	usgs_02032640
usgs_02032640	NA	mllr_september_05	1456808400	usgs_02032640
usgs_02032640	NA	mllr_september_10	1456808400	usgs_02032640
usgs_02032640	NA	mllr_september_25	1456808400	usgs_02032640
usgs_02032640	NA	mllr_september_50	1456808400	usgs_02032640
usgs_02034000	NA	mllr_july_05	1456808400	usgs_02034000
usgs_02034000	NA	mllr_july_10	1456808400	usgs_02034000
usgs_02034000	NA	mllr_july_25	1456808400	usgs_02034000
usgs_02034000	NA	mllr_july_50	1456808400	usgs_02034000
usgs_02034000	NA	mllr_august_05	1456808400	usgs_02034000
usgs_02034000	NA	mllr_august_10	1456808400	usgs_02034000
usgs_02034000	NA	mllr_august_25	1456808400	usgs_02034000
usgs_02034000	NA	mllr_august_50	1456808400	usgs_02034000
usgs_02034000	NA	mllr_september_05	1456808400	usgs_02034000
usgs_02034000	NA	mllr_september_10	1456808400	usgs_02034000
usgs_02034000	NA	mllr_september_25	1456808400	usgs_02034000
usgs_02034000	NA	mllr_september_50	1456808400	usgs_02034000
usgs_02036500	NA	mllr_july_05	1456808400	usgs_02036500
usgs_02036500	NA	mllr_july_10	1456808400	usgs_02036500
usgs_02036500	NA	mllr_july_25	1456808400	usgs_02036500
usgs_02036500	NA	mllr_july_50	1456808400	usgs_02036500
usgs_02036500	NA	mllr_august_05	1456808400	usgs_02036500
usgs_02036500	NA	mllr_august_10	1456808400	usgs_02036500
usgs_02036500	NA	mllr_august_25	1456808400	usgs_02036500
usgs_02036500	NA	mllr_august_50	1456808400	usgs_02036500
usgs_02036500	NA	mllr_september_05	1456808400	usgs_02036500
usgs_02036500	NA	mllr_september_10	1456808400	usgs_02036500
usgs_02036500	NA	mllr_september_25	1456808400	usgs_02036500
usgs_02036500	NA	mllr_september_50	1456808400	usgs_02036500
usgs_02037500	NA	mllr_july_05	1456808400	usgs_02037500
usgs_02037500	NA	mllr_july_10	1456808400	usgs_02037500
usgs_02037500	NA	mllr_july_25	1456808400	usgs_02037500
usgs_02037500	NA	mllr_july_50	1456808400	usgs_02037500
usgs_02037500	NA	mllr_august_05	1456808400	usgs_02037500
usgs_02037500	NA	mllr_august_10	1456808400	usgs_02037500
usgs_02037500	NA	mllr_august_25	1456808400	usgs_02037500
usgs_02037500	NA	mllr_august_50	1456808400	usgs_02037500
usgs_02037500	NA	mllr_september_05	1456808400	usgs_02037500
usgs_02037500	NA	mllr_september_10	1456808400	usgs_02037500
usgs_02037500	NA	mllr_september_25	1456808400	usgs_02037500
usgs_02037500	NA	mllr_september_50	1456808400	usgs_02037500
usgs_02038850	NA	mllr_july_05	1456808400	usgs_02038850
usgs_02038850	NA	mllr_july_10	1456808400	usgs_02038850
usgs_02038850	NA	mllr_july_25	1456808400	usgs_02038850
usgs_02038850	NA	mllr_july_50	1456808400	usgs_02038850
usgs_02038850	NA	mllr_august_05	1456808400	usgs_02038850
usgs_02038850	NA	mllr_august_10	1456808400	usgs_02038850
usgs_02038850	NA	mllr_august_25	1456808400	usgs_02038850
usgs_02038850	NA	mllr_august_50	1456808400	usgs_02038850
usgs_02038850	NA	mllr_september_05	1456808400	usgs_02038850
usgs_02038850	NA	mllr_september_10	1456808400	usgs_02038850
usgs_02038850	NA	mllr_september_25	1456808400	usgs_02038850
usgs_02038850	NA	mllr_september_50	1456808400	usgs_02038850
usgs_02039000	NA	mllr_july_05	1456808400	usgs_02039000
usgs_02039000	NA	mllr_july_10	1456808400	usgs_02039000
usgs_02039000	NA	mllr_july_25	1456808400	usgs_02039000
usgs_02039000	NA	mllr_july_50	1456808400	usgs_02039000
usgs_02039000	NA	mllr_august_05	1456808400	usgs_02039000
usgs_02039000	NA	mllr_august_10	1456808400	usgs_02039000
usgs_02039000	NA	mllr_august_25	1456808400	usgs_02039000
usgs_02039000	NA	mllr_august_50	1456808400	usgs_02039000
usgs_02039000	NA	mllr_september_05	1456808400	usgs_02039000
usgs_02039000	NA	mllr_september_10	1456808400	usgs_02039000
usgs_02039000	NA	mllr_september_25	1456808400	usgs_02039000
usgs_02039000	NA	mllr_september_50	1456808400	usgs_02039000
usgs_02039500	NA	mllr_july_05	1456808400	usgs_02039500
usgs_02039500	NA	mllr_july_10	1456808400	usgs_02039500
usgs_02039500	NA	mllr_july_25	1456808400	usgs_02039500
usgs_02039500	NA	mllr_july_50	1456808400	usgs_02039500
usgs_02039500	NA	mllr_august_05	1456808400	usgs_02039500
usgs_02039500	NA	mllr_august_10	1456808400	usgs_02039500
usgs_02039500	NA	mllr_august_25	1456808400	usgs_02039500
usgs_02039500	NA	mllr_august_50	1456808400	usgs_02039500
usgs_02039500	NA	mllr_september_05	1456808400	usgs_02039500
usgs_02039500	NA	mllr_september_10	1456808400	usgs_02039500
usgs_02039500	NA	mllr_september_25	1456808400	usgs_02039500
usgs_02039500	NA	mllr_september_50	1456808400	usgs_02039500
usgs_02040000	NA	mllr_july_05	1456808400	usgs_02040000
usgs_02040000	NA	mllr_july_10	1456808400	usgs_02040000
usgs_02040000	NA	mllr_july_25	1456808400	usgs_02040000
usgs_02040000	NA	mllr_july_50	1456808400	usgs_02040000
usgs_02040000	NA	mllr_august_05	1456808400	usgs_02040000
usgs_02040000	NA	mllr_august_10	1456808400	usgs_02040000
usgs_02040000	NA	mllr_august_25	1456808400	usgs_02040000
usgs_02040000	NA	mllr_august_50	1456808400	usgs_02040000
usgs_02040000	NA	mllr_september_05	1456808400	usgs_02040000
usgs_02040000	NA	mllr_september_10	1456808400	usgs_02040000
usgs_02040000	NA	mllr_september_25	1456808400	usgs_02040000
usgs_02040000	NA	mllr_september_50	1456808400	usgs_02040000
usgs_02041000	NA	mllr_july_05	1456808400	usgs_02041000
usgs_02041000	NA	mllr_july_10	1456808400	usgs_02041000
usgs_02041000	NA	mllr_july_25	1456808400	usgs_02041000
usgs_02041000	NA	mllr_july_50	1456808400	usgs_02041000
usgs_02041000	NA	mllr_august_05	1456808400	usgs_02041000
usgs_02041000	NA	mllr_august_10	1456808400	usgs_02041000
usgs_02041000	NA	mllr_august_25	1456808400	usgs_02041000
usgs_02041000	NA	mllr_august_50	1456808400	usgs_02041000
usgs_02041000	NA	mllr_september_05	1456808400	usgs_02041000
usgs_02041000	NA	mllr_september_10	1456808400	usgs_02041000
usgs_02041000	NA	mllr_september_25	1456808400	usgs_02041000
usgs_02041000	NA	mllr_september_50	1456808400	usgs_02041000
usgs_02041650	NA	mllr_july_05	1456808400	usgs_02041650
usgs_02041650	NA	mllr_july_10	1456808400	usgs_02041650
usgs_02041650	NA	mllr_july_25	1456808400	usgs_02041650
usgs_02041650	NA	mllr_july_50	1456808400	usgs_02041650
usgs_02041650	NA	mllr_august_05	1456808400	usgs_02041650
usgs_02041650	NA	mllr_august_10	1456808400	usgs_02041650
usgs_02041650	NA	mllr_august_25	1456808400	usgs_02041650
usgs_02041650	NA	mllr_august_50	1456808400	usgs_02041650
usgs_02041650	NA	mllr_september_05	1456808400	usgs_02041650
usgs_02041650	NA	mllr_september_10	1456808400	usgs_02041650
usgs_02041650	NA	mllr_september_25	1456808400	usgs_02041650
usgs_02041650	NA	mllr_september_50	1456808400	usgs_02041650
usgs_02042500	NA	mllr_july_05	1456808400	usgs_02042500
usgs_02042500	NA	mllr_july_10	1456808400	usgs_02042500
usgs_02042500	NA	mllr_july_25	1456808400	usgs_02042500
usgs_02042500	NA	mllr_july_50	1456808400	usgs_02042500
usgs_02042500	NA	mllr_august_05	1456808400	usgs_02042500
usgs_02042500	NA	mllr_august_10	1456808400	usgs_02042500
usgs_02042500	NA	mllr_august_25	1456808400	usgs_02042500
usgs_02042500	NA	mllr_august_50	1456808400	usgs_02042500
usgs_02042500	NA	mllr_september_05	1456808400	usgs_02042500
usgs_02042500	NA	mllr_september_10	1456808400	usgs_02042500
usgs_02042500	NA	mllr_september_25	1456808400	usgs_02042500
usgs_02042500	NA	mllr_september_50	1456808400	usgs_02042500
usgs_03164000	NA	mllr_july_05	1456808400	usgs_03164000
usgs_03164000	NA	mllr_july_10	1456808400	usgs_03164000
usgs_03164000	NA	mllr_july_25	1456808400	usgs_03164000
usgs_03164000	NA	mllr_july_50	1456808400	usgs_03164000
usgs_03164000	NA	mllr_august_05	1456808400	usgs_03164000
usgs_03164000	NA	mllr_august_10	1456808400	usgs_03164000
usgs_03164000	NA	mllr_august_25	1456808400	usgs_03164000
usgs_03164000	NA	mllr_august_50	1456808400	usgs_03164000
usgs_03164000	NA	mllr_september_05	1456808400	usgs_03164000
usgs_03164000	NA	mllr_september_10	1456808400	usgs_03164000
usgs_03164000	NA	mllr_september_25	1456808400	usgs_03164000
usgs_03164000	NA	mllr_september_50	1456808400	usgs_03164000
usgs_03165000	NA	mllr_july_05	1456808400	usgs_03165000
usgs_03165000	NA	mllr_july_10	1456808400	usgs_03165000
usgs_03165000	NA	mllr_july_25	1456808400	usgs_03165000
usgs_03165000	NA	mllr_july_50	1456808400	usgs_03165000
usgs_03165000	NA	mllr_august_05	1456808400	usgs_03165000
usgs_03165000	NA	mllr_august_10	1456808400	usgs_03165000
usgs_03165000	NA	mllr_august_25	1456808400	usgs_03165000
usgs_03165000	NA	mllr_august_50	1456808400	usgs_03165000
usgs_03165000	NA	mllr_september_05	1456808400	usgs_03165000
usgs_03165000	NA	mllr_september_10	1456808400	usgs_03165000
usgs_03165000	NA	mllr_september_25	1456808400	usgs_03165000
usgs_03165000	NA	mllr_september_50	1456808400	usgs_03165000
usgs_03165500	NA	mllr_july_05	1456808400	usgs_03165500
usgs_03165500	NA	mllr_july_10	1456808400	usgs_03165500
usgs_03165500	NA	mllr_july_25	1456808400	usgs_03165500
usgs_03165500	NA	mllr_july_50	1456808400	usgs_03165500
usgs_03165500	NA	mllr_august_05	1456808400	usgs_03165500
usgs_03165500	NA	mllr_august_10	1456808400	usgs_03165500
usgs_03165500	NA	mllr_august_25	1456808400	usgs_03165500
usgs_03165500	NA	mllr_august_50	1456808400	usgs_03165500
usgs_03165500	NA	mllr_september_05	1456808400	usgs_03165500
usgs_03165500	NA	mllr_september_10	1456808400	usgs_03165500
usgs_03165500	NA	mllr_september_25	1456808400	usgs_03165500
usgs_03165500	NA	mllr_september_50	1456808400	usgs_03165500
usgs_03167000	NA	mllr_july_05	1456808400	usgs_03167000
usgs_03167000	NA	mllr_july_10	1456808400	usgs_03167000
usgs_03167000	NA	mllr_july_25	1456808400	usgs_03167000
usgs_03167000	NA	mllr_july_50	1456808400	usgs_03167000
usgs_03167000	NA	mllr_august_05	1456808400	usgs_03167000
usgs_03167000	NA	mllr_august_10	1456808400	usgs_03167000
usgs_03167000	NA	mllr_august_25	1456808400	usgs_03167000
usgs_03167000	NA	mllr_august_50	1456808400	usgs_03167000
usgs_03167000	NA	mllr_september_05	1456808400	usgs_03167000
usgs_03167000	NA	mllr_september_10	1456808400	usgs_03167000
usgs_03167000	NA	mllr_september_25	1456808400	usgs_03167000
usgs_03167000	NA	mllr_september_50	1456808400	usgs_03167000
usgs_03168000	NA	mllr_july_05	1456808400	usgs_03168000
usgs_03168000	NA	mllr_july_10	1456808400	usgs_03168000
usgs_03168000	NA	mllr_july_25	1456808400	usgs_03168000
usgs_03168000	NA	mllr_july_50	1456808400	usgs_03168000
usgs_03168000	NA	mllr_august_05	1456808400	usgs_03168000
usgs_03168000	NA	mllr_august_10	1456808400	usgs_03168000
usgs_03168000	NA	mllr_august_25	1456808400	usgs_03168000
usgs_03168000	NA	mllr_august_50	1456808400	usgs_03168000
usgs_03168000	NA	mllr_september_05	1456808400	usgs_03168000
usgs_03168000	NA	mllr_september_10	1456808400	usgs_03168000
usgs_03168000	NA	mllr_september_25	1456808400	usgs_03168000
usgs_03168000	NA	mllr_september_50	1456808400	usgs_03168000
usgs_03170000	NA	mllr_july_05	1456808400	usgs_03170000
usgs_03170000	NA	mllr_july_10	1456808400	usgs_03170000
usgs_03170000	NA	mllr_july_25	1456808400	usgs_03170000
usgs_03170000	NA	mllr_july_50	1456808400	usgs_03170000
usgs_03170000	NA	mllr_august_05	1456808400	usgs_03170000
usgs_03170000	NA	mllr_august_10	1456808400	usgs_03170000
usgs_03170000	NA	mllr_august_25	1456808400	usgs_03170000
usgs_03170000	NA	mllr_august_50	1456808400	usgs_03170000
usgs_03170000	NA	mllr_september_05	1456808400	usgs_03170000
usgs_03170000	NA	mllr_september_10	1456808400	usgs_03170000
usgs_03170000	NA	mllr_september_25	1456808400	usgs_03170000
usgs_03170000	NA	mllr_september_50	1456808400	usgs_03170000
usgs_03171000	NA	mllr_july_05	1456808400	usgs_03171000
usgs_03171000	NA	mllr_july_10	1456808400	usgs_03171000
usgs_03171000	NA	mllr_july_25	1456808400	usgs_03171000
usgs_03171000	NA	mllr_july_50	1456808400	usgs_03171000
usgs_03171000	NA	mllr_august_05	1456808400	usgs_03171000
usgs_03171000	NA	mllr_august_10	1456808400	usgs_03171000
usgs_03171000	NA	mllr_august_25	1456808400	usgs_03171000
usgs_03171000	NA	mllr_august_50	1456808400	usgs_03171000
usgs_03171000	NA	mllr_september_05	1456808400	usgs_03171000
usgs_03171000	NA	mllr_september_10	1456808400	usgs_03171000
usgs_03171000	NA	mllr_september_25	1456808400	usgs_03171000
usgs_03171000	NA	mllr_september_50	1456808400	usgs_03171000
usgs_03173000	NA	mllr_july_05	1456808400	usgs_03173000
usgs_03173000	NA	mllr_july_10	1456808400	usgs_03173000
usgs_03173000	NA	mllr_july_25	1456808400	usgs_03173000
usgs_03173000	NA	mllr_july_50	1456808400	usgs_03173000
usgs_03173000	NA	mllr_august_05	1456808400	usgs_03173000
usgs_03173000	NA	mllr_august_10	1456808400	usgs_03173000
usgs_03173000	NA	mllr_august_25	1456808400	usgs_03173000
usgs_03173000	NA	mllr_august_50	1456808400	usgs_03173000
usgs_03173000	NA	mllr_september_05	1456808400	usgs_03173000
usgs_03173000	NA	mllr_september_10	1456808400	usgs_03173000
usgs_03173000	NA	mllr_september_25	1456808400	usgs_03173000
usgs_03173000	NA	mllr_september_50	1456808400	usgs_03173000
usgs_03175500	NA	mllr_july_05	1456808400	usgs_03175500
usgs_03175500	NA	mllr_july_10	1456808400	usgs_03175500
usgs_03175500	NA	mllr_july_25	1456808400	usgs_03175500
usgs_03175500	NA	mllr_july_50	1456808400	usgs_03175500
usgs_03175500	NA	mllr_august_05	1456808400	usgs_03175500
usgs_03175500	NA	mllr_august_10	1456808400	usgs_03175500
usgs_03175500	NA	mllr_august_25	1456808400	usgs_03175500
usgs_03175500	NA	mllr_august_50	1456808400	usgs_03175500
usgs_03175500	NA	mllr_september_05	1456808400	usgs_03175500
usgs_03175500	NA	mllr_september_10	1456808400	usgs_03175500
usgs_03175500	NA	mllr_september_25	1456808400	usgs_03175500
usgs_03175500	NA	mllr_september_50	1456808400	usgs_03175500
usgs_03176500	NA	mllr_july_05	1456808400	usgs_03176500
usgs_03176500	NA	mllr_july_10	1456808400	usgs_03176500
usgs_03176500	NA	mllr_july_25	1456808400	usgs_03176500
usgs_03176500	NA	mllr_july_50	1456808400	usgs_03176500
usgs_03176500	NA	mllr_august_05	1456808400	usgs_03176500
usgs_03176500	NA	mllr_august_10	1456808400	usgs_03176500
usgs_03176500	NA	mllr_august_25	1456808400	usgs_03176500
usgs_03176500	NA	mllr_august_50	1456808400	usgs_03176500
usgs_03176500	NA	mllr_september_05	1456808400	usgs_03176500
usgs_03176500	NA	mllr_september_10	1456808400	usgs_03176500
usgs_03176500	NA	mllr_september_25	1456808400	usgs_03176500
usgs_03176500	NA	mllr_september_50	1456808400	usgs_03176500
usgs_03177710	NA	mllr_july_05	1456808400	usgs_03177710
usgs_03177710	NA	mllr_july_10	1456808400	usgs_03177710
usgs_03177710	NA	mllr_july_25	1456808400	usgs_03177710
usgs_03177710	NA	mllr_july_50	1456808400	usgs_03177710
usgs_03177710	NA	mllr_august_05	1456808400	usgs_03177710
usgs_03177710	NA	mllr_august_10	1456808400	usgs_03177710
usgs_03177710	NA	mllr_august_25	1456808400	usgs_03177710
usgs_03177710	NA	mllr_august_50	1456808400	usgs_03177710
usgs_03177710	NA	mllr_september_05	1456808400	usgs_03177710
usgs_03177710	NA	mllr_september_10	1456808400	usgs_03177710
usgs_03177710	NA	mllr_september_25	1456808400	usgs_03177710
usgs_03177710	NA	mllr_september_50	1456808400	usgs_03177710
usgs_01669520	NA	mllr_july_05	1456808400	usgs_01669520
usgs_01669520	NA	mllr_july_10	1456808400	usgs_01669520
usgs_01669520	NA	mllr_july_25	1456808400	usgs_01669520
usgs_01669520	NA	mllr_july_50	1456808400	usgs_01669520
usgs_01669520	NA	mllr_august_05	1456808400	usgs_01669520
usgs_01669520	NA	mllr_august_10	1456808400	usgs_01669520
usgs_01669520	NA	mllr_august_25	1456808400	usgs_01669520
usgs_01669520	NA	mllr_august_50	1456808400	usgs_01669520
usgs_01669520	NA	mllr_september_05	1456808400	usgs_01669520
usgs_01669520	NA	mllr_september_10	1456808400	usgs_01669520
usgs_01669520	NA	mllr_september_25	1456808400	usgs_01669520
usgs_01669520	NA	mllr_september_50	1456808400	usgs_01669520
usgs_01662800	NA	mllr_july_05	1456808400	usgs_01662800
usgs_01662800	NA	mllr_july_10	1456808400	usgs_01662800
usgs_01662800	NA	mllr_july_25	1456808400	usgs_01662800
usgs_01662800	NA	mllr_july_50	1456808400	usgs_01662800
usgs_01662800	NA	mllr_august_05	1456808400	usgs_01662800
usgs_01662800	NA	mllr_august_10	1456808400	usgs_01662800
usgs_01662800	NA	mllr_august_25	1456808400	usgs_01662800
usgs_01662800	NA	mllr_august_50	1456808400	usgs_01662800
usgs_01662800	NA	mllr_september_05	1456808400	usgs_01662800
usgs_01662800	NA	mllr_september_10	1456808400	usgs_01662800
usgs_01662800	NA	mllr_september_25	1456808400	usgs_01662800
usgs_01662800	NA	mllr_september_50	1456808400	usgs_01662800
usgs_01663500	NA	mllr_july_05	1456808400	usgs_01663500
usgs_01663500	NA	mllr_july_10	1456808400	usgs_01663500
usgs_01663500	NA	mllr_july_25	1456808400	usgs_01663500
usgs_01663500	NA	mllr_july_50	1456808400	usgs_01663500
usgs_01663500	NA	mllr_august_05	1456808400	usgs_01663500
usgs_01663500	NA	mllr_august_10	1456808400	usgs_01663500
usgs_01663500	NA	mllr_august_25	1456808400	usgs_01663500
usgs_01663500	NA	mllr_august_50	1456808400	usgs_01663500
usgs_01663500	NA	mllr_september_05	1456808400	usgs_01663500
usgs_01663500	NA	mllr_september_10	1456808400	usgs_01663500
usgs_01663500	NA	mllr_september_25	1456808400	usgs_01663500
usgs_01663500	NA	mllr_september_50	1456808400	usgs_01663500
usgs_01664000	NA	mllr_july_05	1456808400	usgs_01664000
usgs_01664000	NA	mllr_july_10	1456808400	usgs_01664000
usgs_01664000	NA	mllr_july_25	1456808400	usgs_01664000
usgs_01664000	NA	mllr_july_50	1456808400	usgs_01664000
usgs_01664000	NA	mllr_august_05	1456808400	usgs_01664000
usgs_01664000	NA	mllr_august_10	1456808400	usgs_01664000
usgs_01664000	NA	mllr_august_25	1456808400	usgs_01664000
usgs_01664000	NA	mllr_august_50	1456808400	usgs_01664000
usgs_01664000	NA	mllr_september_05	1456808400	usgs_01664000
usgs_01664000	NA	mllr_september_10	1456808400	usgs_01664000
usgs_01664000	NA	mllr_september_25	1456808400	usgs_01664000
usgs_01664000	NA	mllr_september_50	1456808400	usgs_01664000
usgs_01665500	NA	mllr_july_05	1456808400	usgs_01665500
usgs_01665500	NA	mllr_july_10	1456808400	usgs_01665500
usgs_01665500	NA	mllr_july_25	1456808400	usgs_01665500
usgs_01665500	NA	mllr_july_50	1456808400	usgs_01665500
usgs_01665500	NA	mllr_august_05	1456808400	usgs_01665500
usgs_01665500	NA	mllr_august_10	1456808400	usgs_01665500
usgs_01665500	NA	mllr_august_25	1456808400	usgs_01665500
usgs_01665500	NA	mllr_august_50	1456808400	usgs_01665500
usgs_01665500	NA	mllr_september_05	1456808400	usgs_01665500
usgs_01665500	NA	mllr_september_10	1456808400	usgs_01665500
usgs_01665500	NA	mllr_september_25	1456808400	usgs_01665500
usgs_01665500	NA	mllr_september_50	1456808400	usgs_01665500
usgs_01666500	NA	mllr_july_05	1456808400	usgs_01666500
usgs_01666500	NA	mllr_july_10	1456808400	usgs_01666500
usgs_01666500	NA	mllr_july_25	1456808400	usgs_01666500
usgs_01666500	NA	mllr_july_50	1456808400	usgs_01666500
usgs_01666500	NA	mllr_august_05	1456808400	usgs_01666500
usgs_01666500	NA	mllr_august_10	1456808400	usgs_01666500
usgs_01666500	NA	mllr_august_25	1456808400	usgs_01666500
usgs_01666500	NA	mllr_august_50	1456808400	usgs_01666500
usgs_01666500	NA	mllr_september_05	1456808400	usgs_01666500
usgs_01666500	NA	mllr_september_10	1456808400	usgs_01666500
usgs_01666500	NA	mllr_september_25	1456808400	usgs_01666500
usgs_01666500	NA	mllr_september_50	1456808400	usgs_01666500
usgs_01667500	NA	mllr_july_05	1456808400	usgs_01667500
usgs_01667500	NA	mllr_july_10	1456808400	usgs_01667500
usgs_01667500	NA	mllr_july_25	1456808400	usgs_01667500
usgs_01667500	NA	mllr_july_50	1456808400	usgs_01667500
usgs_01667500	NA	mllr_august_05	1456808400	usgs_01667500
usgs_01667500	NA	mllr_august_10	1456808400	usgs_01667500
usgs_01667500	NA	mllr_august_25	1456808400	usgs_01667500
usgs_01667500	NA	mllr_august_50	1456808400	usgs_01667500
usgs_01667500	NA	mllr_september_05	1456808400	usgs_01667500
usgs_01667500	NA	mllr_september_10	1456808400	usgs_01667500
usgs_01667500	NA	mllr_september_25	1456808400	usgs_01667500
usgs_01667500	NA	mllr_september_50	1456808400	usgs_01667500
usgs_01668000	NA	mllr_july_05	1456808400	usgs_01668000
usgs_01668000	NA	mllr_july_10	1456808400	usgs_01668000
usgs_01668000	NA	mllr_july_25	1456808400	usgs_01668000
usgs_01668000	NA	mllr_july_50	1456808400	usgs_01668000
usgs_01668000	NA	mllr_august_05	1456808400	usgs_01668000
usgs_01668000	NA	mllr_august_10	1456808400	usgs_01668000
usgs_01668000	NA	mllr_august_25	1456808400	usgs_01668000
usgs_01668000	NA	mllr_august_50	1456808400	usgs_01668000
usgs_01668000	NA	mllr_september_05	1456808400	usgs_01668000
usgs_01668000	NA	mllr_september_10	1456808400	usgs_01668000
usgs_01668000	NA	mllr_september_25	1456808400	usgs_01668000
usgs_01668000	NA	mllr_september_50	1456808400	usgs_01668000
usgs_01669000	NA	mllr_july_05	1456808400	usgs_01669000
usgs_01669000	NA	mllr_july_10	1456808400	usgs_01669000
usgs_01669000	NA	mllr_july_25	1456808400	usgs_01669000
usgs_01669000	NA	mllr_july_50	1456808400	usgs_01669000
usgs_01669000	NA	mllr_august_05	1456808400	usgs_01669000
usgs_01669000	NA	mllr_august_10	1456808400	usgs_01669000
usgs_01669000	NA	mllr_august_25	1456808400	usgs_01669000
usgs_01669000	NA	mllr_august_50	1456808400	usgs_01669000
usgs_01669000	NA	mllr_september_05	1456808400	usgs_01669000
usgs_01669000	NA	mllr_september_10	1456808400	usgs_01669000
usgs_01669000	NA	mllr_september_25	1456808400	usgs_01669000
usgs_01669000	NA	mllr_september_50	1456808400	usgs_01669000
usgs_02053800	NA	mllr_july_05	1456808400	usgs_02053800
usgs_02053800	NA	mllr_july_10	1456808400	usgs_02053800
usgs_02053800	NA	mllr_july_25	1456808400	usgs_02053800
usgs_02053800	NA	mllr_july_50	1456808400	usgs_02053800
usgs_02053800	NA	mllr_august_05	1456808400	usgs_02053800
usgs_02053800	NA	mllr_august_10	1456808400	usgs_02053800
usgs_02053800	NA	mllr_august_25	1456808400	usgs_02053800
usgs_02053800	NA	mllr_august_50	1456808400	usgs_02053800
usgs_02053800	NA	mllr_september_05	1456808400	usgs_02053800
usgs_02053800	NA	mllr_september_10	1456808400	usgs_02053800
usgs_02053800	NA	mllr_september_25	1456808400	usgs_02053800
usgs_02053800	NA	mllr_september_50	1456808400	usgs_02053800
usgs_02054500	NA	mllr_july_05	1456808400	usgs_02054500
usgs_02054500	NA	mllr_july_10	1456808400	usgs_02054500
usgs_02054500	NA	mllr_july_25	1456808400	usgs_02054500
usgs_02054500	NA	mllr_july_50	1456808400	usgs_02054500
usgs_02054500	NA	mllr_august_05	1456808400	usgs_02054500
usgs_02054500	NA	mllr_august_10	1456808400	usgs_02054500
usgs_02054500	NA	mllr_august_25	1456808400	usgs_02054500
usgs_02054500	NA	mllr_august_50	1456808400	usgs_02054500
usgs_02054500	NA	mllr_september_05	1456808400	usgs_02054500
usgs_02054500	NA	mllr_september_10	1456808400	usgs_02054500
usgs_02054500	NA	mllr_september_25	1456808400	usgs_02054500
usgs_02054500	NA	mllr_september_50	1456808400	usgs_02054500
usgs_02054530	NA	mllr_july_05	1456808400	usgs_02054530
usgs_02054530	NA	mllr_july_10	1456808400	usgs_02054530
usgs_02054530	NA	mllr_july_25	1456808400	usgs_02054530
usgs_02054530	NA	mllr_july_50	1456808400	usgs_02054530
usgs_02054530	NA	mllr_august_05	1456808400	usgs_02054530
usgs_02054530	NA	mllr_august_10	1456808400	usgs_02054530
usgs_02054530	NA	mllr_august_25	1456808400	usgs_02054530
usgs_02054530	NA	mllr_august_50	1456808400	usgs_02054530
usgs_02054530	NA	mllr_september_05	1456808400	usgs_02054530
usgs_02054530	NA	mllr_september_10	1456808400	usgs_02054530
usgs_02054530	NA	mllr_september_25	1456808400	usgs_02054530
usgs_02054530	NA	mllr_september_50	1456808400	usgs_02054530
usgs_02055000	NA	mllr_july_05	1456808400	usgs_02055000
usgs_02055000	NA	mllr_july_10	1456808400	usgs_02055000
usgs_02055000	NA	mllr_july_25	1456808400	usgs_02055000
usgs_02055000	NA	mllr_july_50	1456808400	usgs_02055000
usgs_02055000	NA	mllr_august_05	1456808400	usgs_02055000
usgs_02055000	NA	mllr_august_10	1456808400	usgs_02055000
usgs_02055000	NA	mllr_august_25	1456808400	usgs_02055000
usgs_02055000	NA	mllr_august_50	1456808400	usgs_02055000
usgs_02055000	NA	mllr_september_05	1456808400	usgs_02055000
usgs_02055000	NA	mllr_september_10	1456808400	usgs_02055000
usgs_02055000	NA	mllr_september_25	1456808400	usgs_02055000
usgs_02055000	NA	mllr_september_50	1456808400	usgs_02055000
usgs_02055100	NA	mllr_july_05	1456808400	usgs_02055100
usgs_02055100	NA	mllr_july_10	1456808400	usgs_02055100
usgs_02055100	NA	mllr_july_25	1456808400	usgs_02055100
usgs_02055100	NA	mllr_july_50	1456808400	usgs_02055100
usgs_02055100	NA	mllr_august_05	1456808400	usgs_02055100
usgs_02055100	NA	mllr_august_10	1456808400	usgs_02055100
usgs_02055100	NA	mllr_august_25	1456808400	usgs_02055100
usgs_02055100	NA	mllr_august_50	1456808400	usgs_02055100
usgs_02055100	NA	mllr_september_05	1456808400	usgs_02055100
usgs_02055100	NA	mllr_september_10	1456808400	usgs_02055100
usgs_02055100	NA	mllr_september_25	1456808400	usgs_02055100
usgs_02055100	NA	mllr_september_50	1456808400	usgs_02055100
usgs_02056000	NA	mllr_july_05	1456808400	usgs_02056000
usgs_02056000	NA	mllr_july_10	1456808400	usgs_02056000
usgs_02056000	NA	mllr_july_25	1456808400	usgs_02056000
usgs_02056000	NA	mllr_july_50	1456808400	usgs_02056000
usgs_02056000	NA	mllr_august_05	1456808400	usgs_02056000
usgs_02056000	NA	mllr_august_10	1456808400	usgs_02056000
usgs_02056000	NA	mllr_august_25	1456808400	usgs_02056000
usgs_02056000	NA	mllr_august_50	1456808400	usgs_02056000
usgs_02056000	NA	mllr_september_05	1456808400	usgs_02056000
usgs_02056000	NA	mllr_september_10	1456808400	usgs_02056000
usgs_02056000	NA	mllr_september_25	1456808400	usgs_02056000
usgs_02056000	NA	mllr_september_50	1456808400	usgs_02056000
usgs_02056650	NA	mllr_july_05	1456808400	usgs_02056650
usgs_02056650	NA	mllr_july_10	1456808400	usgs_02056650
usgs_02056650	NA	mllr_july_25	1456808400	usgs_02056650
usgs_02056650	NA	mllr_july_50	1456808400	usgs_02056650
usgs_02056650	NA	mllr_august_05	1456808400	usgs_02056650
usgs_02056650	NA	mllr_august_10	1456808400	usgs_02056650
usgs_02056650	NA	mllr_august_25	1456808400	usgs_02056650
usgs_02056650	NA	mllr_august_50	1456808400	usgs_02056650
usgs_02056650	NA	mllr_september_05	1456808400	usgs_02056650
usgs_02056650	NA	mllr_september_10	1456808400	usgs_02056650
usgs_02056650	NA	mllr_september_25	1456808400	usgs_02056650
usgs_02056650	NA	mllr_september_50	1456808400	usgs_02056650
usgs_02056900	NA	mllr_july_05	1456808400	usgs_02056900
usgs_02056900	NA	mllr_july_10	1456808400	usgs_02056900
usgs_02056900	NA	mllr_july_25	1456808400	usgs_02056900
usgs_02056900	NA	mllr_july_50	1456808400	usgs_02056900
usgs_02056900	NA	mllr_august_05	1456808400	usgs_02056900
usgs_02056900	NA	mllr_august_10	1456808400	usgs_02056900
usgs_02056900	NA	mllr_august_25	1456808400	usgs_02056900
usgs_02056900	NA	mllr_august_50	1456808400	usgs_02056900
usgs_02056900	NA	mllr_september_05	1456808400	usgs_02056900
usgs_02056900	NA	mllr_september_10	1456808400	usgs_02056900
usgs_02056900	NA	mllr_september_25	1456808400	usgs_02056900
usgs_02056900	NA	mllr_september_50	1456808400	usgs_02056900
usgs_02058400	NA	mllr_july_05	1456808400	usgs_02058400
usgs_02058400	NA	mllr_july_10	1456808400	usgs_02058400
usgs_02058400	NA	mllr_july_25	1456808400	usgs_02058400
usgs_02058400	NA	mllr_july_50	1456808400	usgs_02058400
usgs_02058400	NA	mllr_august_05	1456808400	usgs_02058400
usgs_02058400	NA	mllr_august_10	1456808400	usgs_02058400
usgs_02058400	NA	mllr_august_25	1456808400	usgs_02058400
usgs_02058400	NA	mllr_august_50	1456808400	usgs_02058400
usgs_02058400	NA	mllr_september_05	1456808400	usgs_02058400
usgs_02058400	NA	mllr_september_10	1456808400	usgs_02058400
usgs_02058400	NA	mllr_september_25	1456808400	usgs_02058400
usgs_02058400	NA	mllr_september_50	1456808400	usgs_02058400
usgs_02059500	NA	mllr_july_05	1456808400	usgs_02059500
usgs_02059500	NA	mllr_july_10	1456808400	usgs_02059500
usgs_02059500	NA	mllr_july_25	1456808400	usgs_02059500
usgs_02059500	NA	mllr_july_50	1456808400	usgs_02059500
usgs_02059500	NA	mllr_august_05	1456808400	usgs_02059500
usgs_02059500	NA	mllr_august_10	1456808400	usgs_02059500
usgs_02059500	NA	mllr_august_25	1456808400	usgs_02059500
usgs_02059500	NA	mllr_august_50	1456808400	usgs_02059500
usgs_02059500	NA	mllr_september_05	1456808400	usgs_02059500
usgs_02059500	NA	mllr_september_10	1456808400	usgs_02059500
usgs_02059500	NA	mllr_september_25	1456808400	usgs_02059500
usgs_02059500	NA	mllr_september_50	1456808400	usgs_02059500
usgs_02060500	NA	mllr_july_05	1456808400	usgs_02060500
usgs_02060500	NA	mllr_july_10	1456808400	usgs_02060500
usgs_02060500	NA	mllr_july_25	1456808400	usgs_02060500
usgs_02060500	NA	mllr_july_50	1456808400	usgs_02060500
usgs_02060500	NA	mllr_august_05	1456808400	usgs_02060500
usgs_02060500	NA	mllr_august_10	1456808400	usgs_02060500
usgs_02060500	NA	mllr_august_25	1456808400	usgs_02060500
usgs_02060500	NA	mllr_august_50	1456808400	usgs_02060500
usgs_02060500	NA	mllr_september_05	1456808400	usgs_02060500
usgs_02060500	NA	mllr_september_10	1456808400	usgs_02060500
usgs_02060500	NA	mllr_september_25	1456808400	usgs_02060500
usgs_02060500	NA	mllr_september_50	1456808400	usgs_02060500
usgs_02061000	NA	mllr_july_05	1456808400	usgs_02061000
usgs_02061500	NA	mllr_july_05	1456808400	usgs_02061500
usgs_02061500	NA	mllr_july_10	1456808400	usgs_02061500
usgs_02061500	NA	mllr_july_25	1456808400	usgs_02061500
usgs_02061500	NA	mllr_july_50	1456808400	usgs_02061500
usgs_02061500	NA	mllr_august_05	1456808400	usgs_02061500
usgs_02061500	NA	mllr_august_10	1456808400	usgs_02061500
usgs_02061500	NA	mllr_august_25	1456808400	usgs_02061500
usgs_02061500	NA	mllr_august_50	1456808400	usgs_02061500
usgs_02061500	NA	mllr_september_05	1456808400	usgs_02061500
usgs_02061500	NA	mllr_september_10	1456808400	usgs_02061500
usgs_02061500	NA	mllr_september_25	1456808400	usgs_02061500
usgs_02061500	NA	mllr_september_50	1456808400	usgs_02061500
usgs_02062500	NA	mllr_july_05	1456808400	usgs_02062500
usgs_02062500	NA	mllr_july_10	1456808400	usgs_02062500
usgs_02062500	NA	mllr_july_25	1456808400	usgs_02062500
usgs_02062500	NA	mllr_july_50	1456808400	usgs_02062500
usgs_02062500	NA	mllr_august_05	1456808400	usgs_02062500
usgs_02062500	NA	mllr_august_10	1456808400	usgs_02062500
usgs_02062500	NA	mllr_august_25	1456808400	usgs_02062500
usgs_02062500	NA	mllr_august_50	1456808400	usgs_02062500
usgs_02062500	NA	mllr_september_05	1456808400	usgs_02062500
usgs_02062500	NA	mllr_september_10	1456808400	usgs_02062500
usgs_02062500	NA	mllr_september_25	1456808400	usgs_02062500
usgs_02062500	NA	mllr_september_50	1456808400	usgs_02062500
usgs_02064000	NA	mllr_july_05	1456808400	usgs_02064000
usgs_02065500	NA	mllr_july_05	1456808400	usgs_02065500
usgs_02065500	NA	mllr_july_10	1456808400	usgs_02065500
usgs_02065500	NA	mllr_july_25	1456808400	usgs_02065500
usgs_02065500	NA	mllr_july_50	1456808400	usgs_02065500
usgs_02065500	NA	mllr_august_05	1456808400	usgs_02065500
usgs_02065500	NA	mllr_august_10	1456808400	usgs_02065500
usgs_02065500	NA	mllr_august_25	1456808400	usgs_02065500
usgs_02065500	NA	mllr_august_50	1456808400	usgs_02065500
usgs_02065500	NA	mllr_september_05	1456808400	usgs_02065500
usgs_02065500	NA	mllr_september_10	1456808400	usgs_02065500
usgs_02065500	NA	mllr_september_25	1456808400	usgs_02065500
usgs_02065500	NA	mllr_september_50	1456808400	usgs_02065500
usgs_02066000	NA	mllr_july_05	1456808400	usgs_02066000
usgs_02066000	NA	mllr_july_10	1456808400	usgs_02066000
usgs_02066000	NA	mllr_july_25	1456808400	usgs_02066000
usgs_02066000	NA	mllr_july_50	1456808400	usgs_02066000
usgs_02066000	NA	mllr_august_05	1456808400	usgs_02066000
usgs_02066000	NA	mllr_august_10	1456808400	usgs_02066000
usgs_02066000	NA	mllr_august_25	1456808400	usgs_02066000
usgs_02066000	NA	mllr_august_50	1456808400	usgs_02066000
usgs_02066000	NA	mllr_september_05	1456808400	usgs_02066000
usgs_02066000	NA	mllr_september_10	1456808400	usgs_02066000
usgs_02066000	NA	mllr_september_25	1456808400	usgs_02066000
usgs_02066000	NA	mllr_september_50	1456808400	usgs_02066000
usgs_02069700	NA	mllr_july_05	1456808400	usgs_02069700
usgs_02069700	NA	mllr_july_10	1456808400	usgs_02069700
usgs_02069700	NA	mllr_july_25	1456808400	usgs_02069700
usgs_02069700	NA	mllr_july_50	1456808400	usgs_02069700
usgs_02069700	NA	mllr_august_05	1456808400	usgs_02069700
usgs_02069700	NA	mllr_august_10	1456808400	usgs_02069700
usgs_02069700	NA	mllr_august_25	1456808400	usgs_02069700
usgs_02069700	NA	mllr_august_50	1456808400	usgs_02069700
usgs_02069700	NA	mllr_september_05	1456808400	usgs_02069700
usgs_02069700	NA	mllr_september_10	1456808400	usgs_02069700
usgs_02069700	NA	mllr_september_25	1456808400	usgs_02069700
usgs_02069700	NA	mllr_september_50	1456808400	usgs_02069700
usgs_02070000	NA	mllr_july_05	1456808400	usgs_02070000
usgs_02070000	NA	mllr_july_10	1456808400	usgs_02070000
usgs_02070000	NA	mllr_july_25	1456808400	usgs_02070000
usgs_02070000	NA	mllr_july_50	1456808400	usgs_02070000
usgs_02070000	NA	mllr_august_05	1456808400	usgs_02070000
usgs_02070000	NA	mllr_august_10	1456808400	usgs_02070000
usgs_02070000	NA	mllr_august_25	1456808400	usgs_02070000
usgs_02070000	NA	mllr_august_50	1456808400	usgs_02070000
usgs_02070000	NA	mllr_september_05	1456808400	usgs_02070000
usgs_02070000	NA	mllr_september_10	1456808400	usgs_02070000
usgs_02070000	NA	mllr_september_25	1456808400	usgs_02070000
usgs_02070000	NA	mllr_september_50	1456808400	usgs_02070000
usgs_02071530	NA	mllr_july_05	1456808400	usgs_02071530
usgs_02071530	NA	mllr_july_10	1456808400	usgs_02071530
usgs_02071530	NA	mllr_july_25	1456808400	usgs_02071530
usgs_02071530	NA	mllr_july_50	1456808400	usgs_02071530
usgs_02071530	NA	mllr_august_05	1456808400	usgs_02071530
usgs_02071530	NA	mllr_august_10	1456808400	usgs_02071530
usgs_02071530	NA	mllr_august_25	1456808400	usgs_02071530
usgs_02071530	NA	mllr_august_50	1456808400	usgs_02071530
usgs_02071530	NA	mllr_september_05	1456808400	usgs_02071530
usgs_02071530	NA	mllr_september_10	1456808400	usgs_02071530
usgs_02071530	NA	mllr_september_25	1456808400	usgs_02071530
usgs_02071530	NA	mllr_september_50	1456808400	usgs_02071530
usgs_02072000	NA	mllr_july_05	1456808400	usgs_02072000
usgs_02072000	NA	mllr_july_10	1456808400	usgs_02072000
usgs_02072000	NA	mllr_july_25	1456808400	usgs_02072000
usgs_02072000	NA	mllr_july_50	1456808400	usgs_02072000
usgs_02072000	NA	mllr_august_05	1456808400	usgs_02072000
usgs_02072000	NA	mllr_august_10	1456808400	usgs_02072000
usgs_02072000	NA	mllr_august_25	1456808400	usgs_02072000
usgs_02072000	NA	mllr_august_50	1456808400	usgs_02072000
usgs_02072000	NA	mllr_september_05	1456808400	usgs_02072000
usgs_02072000	NA	mllr_september_10	1456808400	usgs_02072000
usgs_02072000	NA	mllr_september_25	1456808400	usgs_02072000
usgs_02072000	NA	mllr_september_50	1456808400	usgs_02072000
usgs_02072500	NA	mllr_july_05	1456808400	usgs_02072500
usgs_02072500	NA	mllr_july_10	1456808400	usgs_02072500
usgs_02072500	NA	mllr_july_25	1456808400	usgs_02072500
usgs_02072500	NA	mllr_july_50	1456808400	usgs_02072500
usgs_02072500	NA	mllr_august_05	1456808400	usgs_02072500
usgs_02072500	NA	mllr_august_10	1456808400	usgs_02072500
usgs_02072500	NA	mllr_august_25	1456808400	usgs_02072500
usgs_02072500	NA	mllr_august_50	1456808400	usgs_02072500
usgs_02072500	NA	mllr_september_05	1456808400	usgs_02072500
usgs_02072500	NA	mllr_september_10	1456808400	usgs_02072500
usgs_02072500	NA	mllr_september_25	1456808400	usgs_02072500
usgs_02072500	NA	mllr_september_50	1456808400	usgs_02072500
usgs_02073000	NA	mllr_july_05	1456808400	usgs_02073000
usgs_02073000	NA	mllr_july_10	1456808400	usgs_02073000
usgs_02073000	NA	mllr_july_25	1456808400	usgs_02073000
usgs_02073000	NA	mllr_july_50	1456808400	usgs_02073000
usgs_02073000	NA	mllr_august_05	1456808400	usgs_02073000
usgs_02073000	NA	mllr_august_10	1456808400	usgs_02073000
usgs_02073000	NA	mllr_august_25	1456808400	usgs_02073000
usgs_02073000	NA	mllr_august_50	1456808400	usgs_02073000
usgs_02073000	NA	mllr_september_05	1456808400	usgs_02073000
usgs_02073000	NA	mllr_september_10	1456808400	usgs_02073000
usgs_02073000	NA	mllr_september_25	1456808400	usgs_02073000
usgs_02073000	NA	mllr_september_50	1456808400	usgs_02073000
usgs_02074500	NA	mllr_july_05	1456808400	usgs_02074500
usgs_02074500	NA	mllr_july_10	1456808400	usgs_02074500
usgs_02074500	NA	mllr_july_25	1456808400	usgs_02074500
usgs_02074500	NA	mllr_july_50	1456808400	usgs_02074500
usgs_02074500	NA	mllr_august_05	1456808400	usgs_02074500
usgs_02074500	NA	mllr_august_10	1456808400	usgs_02074500
usgs_02074500	NA	mllr_august_25	1456808400	usgs_02074500
usgs_02074500	NA	mllr_august_50	1456808400	usgs_02074500
usgs_02074500	NA	mllr_september_05	1456808400	usgs_02074500
usgs_02074500	NA	mllr_september_10	1456808400	usgs_02074500
usgs_02074500	NA	mllr_september_25	1456808400	usgs_02074500
usgs_02074500	NA	mllr_september_50	1456808400	usgs_02074500
usgs_02075045	NA	mllr_july_05	1456808400	usgs_02075045
usgs_02075045	NA	mllr_july_10	1456808400	usgs_02075045
usgs_02075045	NA	mllr_july_25	1456808400	usgs_02075045
usgs_02075045	NA	mllr_july_50	1456808400	usgs_02075045
usgs_02075045	NA	mllr_august_05	1456808400	usgs_02075045
usgs_02075045	NA	mllr_august_10	1456808400	usgs_02075045
usgs_02075045	NA	mllr_august_25	1456808400	usgs_02075045
usgs_02075045	NA	mllr_august_50	1456808400	usgs_02075045
usgs_02075045	NA	mllr_september_05	1456808400	usgs_02075045
usgs_02075045	NA	mllr_september_10	1456808400	usgs_02075045
usgs_02075045	NA	mllr_september_25	1456808400	usgs_02075045
usgs_02075045	NA	mllr_september_50	1456808400	usgs_02075045
usgs_02075500	NA	mllr_july_05	1456808400	usgs_02075500
usgs_02075500	NA	mllr_july_10	1456808400	usgs_02075500
usgs_02075500	NA	mllr_july_25	1456808400	usgs_02075500
usgs_02075500	NA	mllr_july_50	1456808400	usgs_02075500
usgs_02075500	NA	mllr_august_05	1456808400	usgs_02075500
usgs_02075500	NA	mllr_august_10	1456808400	usgs_02075500
usgs_02075500	NA	mllr_august_25	1456808400	usgs_02075500
usgs_02075500	NA	mllr_august_50	1456808400	usgs_02075500
usgs_02075500	NA	mllr_september_05	1456808400	usgs_02075500
usgs_02075500	NA	mllr_september_10	1456808400	usgs_02075500
usgs_02075500	NA	mllr_september_25	1456808400	usgs_02075500
usgs_02075500	NA	mllr_september_50	1456808400	usgs_02075500
usgs_02077000	NA	mllr_july_05	1456808400	usgs_02077000
usgs_02077000	NA	mllr_july_10	1456808400	usgs_02077000
usgs_02077000	NA	mllr_july_25	1456808400	usgs_02077000
usgs_02077000	NA	mllr_july_50	1456808400	usgs_02077000
usgs_02077000	NA	mllr_august_05	1456808400	usgs_02077000
usgs_02077000	NA	mllr_august_10	1456808400	usgs_02077000
usgs_02077000	NA	mllr_august_25	1456808400	usgs_02077000
usgs_02077000	NA	mllr_august_50	1456808400	usgs_02077000
usgs_02077000	NA	mllr_september_05	1456808400	usgs_02077000
usgs_02077000	NA	mllr_september_10	1456808400	usgs_02077000
usgs_02077000	NA	mllr_september_25	1456808400	usgs_02077000
usgs_02077000	NA	mllr_september_50	1456808400	usgs_02077000
usgs_02077500	NA	mllr_july_05	1456808400	usgs_02077500
usgs_02079640	NA	mllr_july_05	1456808400	usgs_02079640
usgs_02079640	NA	mllr_july_10	1456808400	usgs_02079640
usgs_02079640	NA	mllr_july_25	1456808400	usgs_02079640
usgs_02079640	NA	mllr_july_50	1456808400	usgs_02079640
usgs_02079640	NA	mllr_august_05	1456808400	usgs_02079640
usgs_02079640	NA	mllr_august_10	1456808400	usgs_02079640
usgs_02079640	NA	mllr_august_25	1456808400	usgs_02079640
usgs_02079640	NA	mllr_august_50	1456808400	usgs_02079640
usgs_02079640	NA	mllr_september_05	1456808400	usgs_02079640
usgs_02079640	NA	mllr_september_10	1456808400	usgs_02079640
usgs_02079640	NA	mllr_september_25	1456808400	usgs_02079640
usgs_02079640	NA	mllr_september_50	1456808400	usgs_02079640
usgs_03471500	NA	mllr_july_05	1456808400	usgs_03471500
usgs_03471500	NA	mllr_july_10	1456808400	usgs_03471500
usgs_03471500	NA	mllr_july_25	1456808400	usgs_03471500
usgs_03471500	NA	mllr_july_50	1456808400	usgs_03471500
usgs_03471500	NA	mllr_august_05	1456808400	usgs_03471500
usgs_03471500	NA	mllr_august_10	1456808400	usgs_03471500
usgs_03471500	NA	mllr_august_25	1456808400	usgs_03471500
usgs_03471500	NA	mllr_august_50	1456808400	usgs_03471500
usgs_03471500	NA	mllr_september_05	1456808400	usgs_03471500
usgs_03471500	NA	mllr_september_10	1456808400	usgs_03471500
usgs_03471500	NA	mllr_september_25	1456808400	usgs_03471500
usgs_03471500	NA	mllr_september_50	1456808400	usgs_03471500
usgs_03473000	NA	mllr_july_05	1456808400	usgs_03473000
usgs_03473000	NA	mllr_july_10	1456808400	usgs_03473000
usgs_03473000	NA	mllr_july_25	1456808400	usgs_03473000
usgs_03473000	NA	mllr_july_50	1456808400	usgs_03473000
usgs_03473000	NA	mllr_august_05	1456808400	usgs_03473000
usgs_03473000	NA	mllr_august_10	1456808400	usgs_03473000
usgs_03473000	NA	mllr_august_25	1456808400	usgs_03473000
usgs_03473000	NA	mllr_august_50	1456808400	usgs_03473000
usgs_03473000	NA	mllr_september_05	1456808400	usgs_03473000
usgs_03473000	NA	mllr_september_10	1456808400	usgs_03473000
usgs_03473000	NA	mllr_september_25	1456808400	usgs_03473000
usgs_03473000	NA	mllr_september_50	1456808400	usgs_03473000
usgs_03474000	NA	mllr_july_05	1456808400	usgs_03474000
usgs_03474000	NA	mllr_july_10	1456808400	usgs_03474000
usgs_03474000	NA	mllr_july_25	1456808400	usgs_03474000
usgs_03474000	NA	mllr_july_50	1456808400	usgs_03474000
usgs_03474000	NA	mllr_august_05	1456808400	usgs_03474000
usgs_03474000	NA	mllr_august_10	1456808400	usgs_03474000
usgs_03474000	NA	mllr_august_25	1456808400	usgs_03474000
usgs_03474000	NA	mllr_august_50	1456808400	usgs_03474000
usgs_03474000	NA	mllr_september_05	1456808400	usgs_03474000
usgs_03474000	NA	mllr_september_10	1456808400	usgs_03474000
usgs_03474000	NA	mllr_september_25	1456808400	usgs_03474000
usgs_03474000	NA	mllr_september_50	1456808400	usgs_03474000
usgs_03475000	NA	mllr_july_05	1456808400	usgs_03475000
usgs_03475000	NA	mllr_july_10	1456808400	usgs_03475000
usgs_03475000	NA	mllr_july_25	1456808400	usgs_03475000
usgs_03475000	NA	mllr_july_50	1456808400	usgs_03475000
usgs_03475000	NA	mllr_august_05	1456808400	usgs_03475000
usgs_03475000	NA	mllr_august_10	1456808400	usgs_03475000
usgs_03475000	NA	mllr_august_25	1456808400	usgs_03475000
usgs_03475000	NA	mllr_august_50	1456808400	usgs_03475000
usgs_03475000	NA	mllr_september_05	1456808400	usgs_03475000
usgs_03475000	NA	mllr_september_10	1456808400	usgs_03475000
usgs_03475000	NA	mllr_september_25	1456808400	usgs_03475000
usgs_03475000	NA	mllr_september_50	1456808400	usgs_03475000
usgs_03478400	NA	mllr_july_05	1456808400	usgs_03478400
usgs_03478400	NA	mllr_july_10	1456808400	usgs_03478400
usgs_03478400	NA	mllr_july_25	1456808400	usgs_03478400
usgs_03478400	NA	mllr_july_50	1456808400	usgs_03478400
usgs_03478400	NA	mllr_august_05	1456808400	usgs_03478400
usgs_03478400	NA	mllr_august_10	1456808400	usgs_03478400
usgs_03478400	NA	mllr_august_25	1456808400	usgs_03478400
usgs_03478400	NA	mllr_august_50	1456808400	usgs_03478400
usgs_03478400	NA	mllr_september_05	1456808400	usgs_03478400
usgs_03478400	NA	mllr_september_10	1456808400	usgs_03478400
usgs_03478400	NA	mllr_september_25	1456808400	usgs_03478400
usgs_03478400	NA	mllr_september_50	1456808400	usgs_03478400
usgs_03488000	NA	mllr_july_05	1456808400	usgs_03488000
usgs_03488000	NA	mllr_july_10	1456808400	usgs_03488000
usgs_03488000	NA	mllr_july_25	1456808400	usgs_03488000
usgs_03488000	NA	mllr_july_50	1456808400	usgs_03488000
usgs_03488000	NA	mllr_august_05	1456808400	usgs_03488000
usgs_03488000	NA	mllr_august_10	1456808400	usgs_03488000
usgs_03488000	NA	mllr_august_25	1456808400	usgs_03488000
usgs_03488000	NA	mllr_august_50	1456808400	usgs_03488000
usgs_03488000	NA	mllr_september_05	1456808400	usgs_03488000
usgs_03488000	NA	mllr_september_10	1456808400	usgs_03488000
usgs_03488000	NA	mllr_september_25	1456808400	usgs_03488000
usgs_03488000	NA	mllr_september_50	1456808400	usgs_03488000
usgs_03524000	NA	mllr_july_05	1456808400	usgs_03524000
usgs_03524000	NA	mllr_july_10	1456808400	usgs_03524000
usgs_03524000	NA	mllr_july_25	1456808400	usgs_03524000
usgs_03524000	NA	mllr_july_50	1456808400	usgs_03524000
usgs_03524000	NA	mllr_august_05	1456808400	usgs_03524000
usgs_03524000	NA	mllr_august_10	1456808400	usgs_03524000
usgs_03524000	NA	mllr_august_25	1456808400	usgs_03524000
usgs_03524000	NA	mllr_august_50	1456808400	usgs_03524000
usgs_03524000	NA	mllr_september_05	1456808400	usgs_03524000
usgs_03524000	NA	mllr_september_10	1456808400	usgs_03524000
usgs_03524000	NA	mllr_september_25	1456808400	usgs_03524000
usgs_03524000	NA	mllr_september_50	1456808400	usgs_03524000
usgs_03527000	NA	mllr_july_05	1456808400	usgs_03527000
usgs_03527000	NA	mllr_july_10	1456808400	usgs_03527000
usgs_03527000	NA	mllr_july_25	1456808400	usgs_03527000
usgs_03527000	NA	mllr_july_50	1456808400	usgs_03527000
usgs_03527000	NA	mllr_august_05	1456808400	usgs_03527000
usgs_03527000	NA	mllr_august_10	1456808400	usgs_03527000
usgs_03527000	NA	mllr_august_25	1456808400	usgs_03527000
usgs_03527000	NA	mllr_august_50	1456808400	usgs_03527000
usgs_03527000	NA	mllr_september_05	1456808400	usgs_03527000
usgs_03527000	NA	mllr_september_10	1456808400	usgs_03527000
usgs_03527000	NA	mllr_september_25	1456808400	usgs_03527000
usgs_03527000	NA	mllr_september_50	1456808400	usgs_03527000
usgs_03529500	NA	mllr_july_05	1456808400	usgs_03529500
usgs_03529500	NA	mllr_july_10	1456808400	usgs_03529500
usgs_03529500	NA	mllr_july_25	1456808400	usgs_03529500
usgs_03529500	NA	mllr_july_50	1456808400	usgs_03529500
usgs_03529500	NA	mllr_august_05	1456808400	usgs_03529500
usgs_03529500	NA	mllr_august_10	1456808400	usgs_03529500
usgs_03529500	NA	mllr_august_25	1456808400	usgs_03529500
usgs_03529500	NA	mllr_august_50	1456808400	usgs_03529500
usgs_03529500	NA	mllr_september_05	1456808400	usgs_03529500
usgs_03529500	NA	mllr_september_10	1456808400	usgs_03529500
usgs_03529500	NA	mllr_september_25	1456808400	usgs_03529500
usgs_03529500	NA	mllr_september_50	1456808400	usgs_03529500
usgs_03531500	NA	mllr_july_05	1456808400	usgs_03531500
usgs_03531500	NA	mllr_july_10	1456808400	usgs_03531500
usgs_03531500	NA	mllr_july_25	1456808400	usgs_03531500
usgs_03531500	NA	mllr_july_50	1456808400	usgs_03531500
usgs_03531500	NA	mllr_august_05	1456808400	usgs_03531500
usgs_03531500	NA	mllr_august_10	1456808400	usgs_03531500
usgs_03531500	NA	mllr_august_25	1456808400	usgs_03531500
usgs_03531500	NA	mllr_august_50	1456808400	usgs_03531500
usgs_03531500	NA	mllr_september_05	1456808400	usgs_03531500
usgs_03531500	NA	mllr_september_10	1456808400	usgs_03531500
usgs_03531500	NA	mllr_september_25	1456808400	usgs_03531500
usgs_03531500	NA	mllr_september_50	1456808400	usgs_03531500
usgs_01670400	NA	mllr_july_05	1456808400	usgs_01670400
usgs_01670400	NA	mllr_july_10	1456808400	usgs_01670400
usgs_01670400	NA	mllr_july_25	1456808400	usgs_01670400
usgs_01670400	NA	mllr_july_50	1456808400	usgs_01670400
usgs_01670400	NA	mllr_august_05	1456808400	usgs_01670400
usgs_01670400	NA	mllr_august_10	1456808400	usgs_01670400
usgs_01670400	NA	mllr_august_25	1456808400	usgs_01670400
usgs_01670400	NA	mllr_august_50	1456808400	usgs_01670400
usgs_01670400	NA	mllr_september_05	1456808400	usgs_01670400
usgs_01670400	NA	mllr_september_10	1456808400	usgs_01670400
usgs_01670400	NA	mllr_september_25	1456808400	usgs_01670400
usgs_01670400	NA	mllr_september_50	1456808400	usgs_01670400
usgs_01671020	NA	mllr_july_05	1456808400	usgs_01671020
usgs_01671020	NA	mllr_july_10	1456808400	usgs_01671020
usgs_01671020	NA	mllr_july_25	1456808400	usgs_01671020
usgs_01671020	NA	mllr_july_50	1456808400	usgs_01671020
usgs_01671020	NA	mllr_august_05	1456808400	usgs_01671020
usgs_01671020	NA	mllr_august_10	1456808400	usgs_01671020
usgs_01671020	NA	mllr_august_25	1456808400	usgs_01671020
usgs_01671020	NA	mllr_august_50	1456808400	usgs_01671020
usgs_01671020	NA	mllr_september_05	1456808400	usgs_01671020
usgs_01671020	NA	mllr_september_10	1456808400	usgs_01671020
usgs_01671020	NA	mllr_september_25	1456808400	usgs_01671020
usgs_01671020	NA	mllr_september_50	1456808400	usgs_01671020
usgs_01671100	NA	mllr_july_05	1456808400	usgs_01671100
usgs_01671100	NA	mllr_july_10	1456808400	usgs_01671100
usgs_01671100	NA	mllr_july_25	1456808400	usgs_01671100
usgs_01671100	NA	mllr_july_50	1456808400	usgs_01671100
usgs_01671100	NA	mllr_august_05	1456808400	usgs_01671100
usgs_01671100	NA	mllr_august_10	1456808400	usgs_01671100
usgs_01671100	NA	mllr_august_25	1456808400	usgs_01671100
usgs_01671100	NA	mllr_august_50	1456808400	usgs_01671100
usgs_01671100	NA	mllr_september_05	1456808400	usgs_01671100
usgs_01671100	NA	mllr_september_10	1456808400	usgs_01671100
usgs_01671100	NA	mllr_september_25	1456808400	usgs_01671100
usgs_01671100	NA	mllr_september_50	1456808400	usgs_01671100
usgs_01672500	NA	mllr_july_05	1456808400	usgs_01672500
usgs_01672500	NA	mllr_july_10	1456808400	usgs_01672500
usgs_01672500	NA	mllr_july_25	1456808400	usgs_01672500
usgs_01672500	NA	mllr_july_50	1456808400	usgs_01672500
usgs_01672500	NA	mllr_august_05	1456808400	usgs_01672500
usgs_01672500	NA	mllr_august_10	1456808400	usgs_01672500
usgs_01672500	NA	mllr_august_25	1456808400	usgs_01672500
usgs_01672500	NA	mllr_august_50	1456808400	usgs_01672500
usgs_01672500	NA	mllr_september_05	1456808400	usgs_01672500
usgs_01672500	NA	mllr_september_10	1456808400	usgs_01672500
usgs_01672500	NA	mllr_september_25	1456808400	usgs_01672500
usgs_01672500	NA	mllr_september_50	1456808400	usgs_01672500
usgs_01673000	NA	mllr_july_05	1456808400	usgs_01673000
usgs_01673000	NA	mllr_july_10	1456808400	usgs_01673000
usgs_01673000	NA	mllr_july_25	1456808400	usgs_01673000
usgs_01673000	NA	mllr_july_50	1456808400	usgs_01673000
usgs_01673000	NA	mllr_august_05	1456808400	usgs_01673000
usgs_01673000	NA	mllr_august_10	1456808400	usgs_01673000
usgs_01673000	NA	mllr_august_25	1456808400	usgs_01673000
usgs_01673000	NA	mllr_august_50	1456808400	usgs_01673000
usgs_01673000	NA	mllr_september_05	1456808400	usgs_01673000
usgs_01673000	NA	mllr_september_10	1456808400	usgs_01673000
usgs_01673000	NA	mllr_september_25	1456808400	usgs_01673000
usgs_01673000	NA	mllr_september_50	1456808400	usgs_01673000
usgs_01673550	NA	mllr_july_05	1456808400	usgs_01673550
usgs_01673550	NA	mllr_july_10	1456808400	usgs_01673550
usgs_01673550	NA	mllr_july_25	1456808400	usgs_01673550
usgs_01673550	NA	mllr_july_50	1456808400	usgs_01673550
usgs_01673550	NA	mllr_august_05	1456808400	usgs_01673550
usgs_01673550	NA	mllr_august_10	1456808400	usgs_01673550
usgs_01673550	NA	mllr_august_25	1456808400	usgs_01673550
usgs_01673550	NA	mllr_august_50	1456808400	usgs_01673550
usgs_01673550	NA	mllr_september_05	1456808400	usgs_01673550
usgs_01673550	NA	mllr_september_10	1456808400	usgs_01673550
usgs_01673550	NA	mllr_september_25	1456808400	usgs_01673550
usgs_01673550	NA	mllr_september_50	1456808400	usgs_01673550
usgs_01673800	NA	mllr_july_05	1456808400	usgs_01673800
usgs_01673800	NA	mllr_july_10	1456808400	usgs_01673800
usgs_01673800	NA	mllr_july_25	1456808400	usgs_01673800
usgs_01673800	NA	mllr_july_50	1456808400	usgs_01673800
usgs_01673800	NA	mllr_august_05	1456808400	usgs_01673800
usgs_01673800	NA	mllr_august_10	1456808400	usgs_01673800
usgs_01673800	NA	mllr_august_25	1456808400	usgs_01673800
usgs_01673800	NA	mllr_august_50	1456808400	usgs_01673800
usgs_01673800	NA	mllr_september_05	1456808400	usgs_01673800
usgs_01673800	NA	mllr_september_10	1456808400	usgs_01673800
usgs_01673800	NA	mllr_september_25	1456808400	usgs_01673800
usgs_01673800	NA	mllr_september_50	1456808400	usgs_01673800
usgs_01674000	NA	mllr_july_05	1456808400	usgs_01674000
usgs_01674000	NA	mllr_july_10	1456808400	usgs_01674000
usgs_01674000	NA	mllr_july_25	1456808400	usgs_01674000
usgs_01674000	NA	mllr_july_50	1456808400	usgs_01674000
usgs_01674000	NA	mllr_august_05	1456808400	usgs_01674000
usgs_01674000	NA	mllr_august_10	1456808400	usgs_01674000
usgs_01674000	NA	mllr_august_25	1456808400	usgs_01674000
usgs_01674000	NA	mllr_august_50	1456808400	usgs_01674000
usgs_01674000	NA	mllr_september_05	1456808400	usgs_01674000
usgs_01674000	NA	mllr_september_10	1456808400	usgs_01674000
usgs_01674000	NA	mllr_september_25	1456808400	usgs_01674000
usgs_01674000	NA	mllr_september_50	1456808400	usgs_01674000
usgs_01674500	NA	mllr_july_05	1456808400	usgs_01674500
usgs_01674500	NA	mllr_july_10	1456808400	usgs_01674500
usgs_01674500	NA	mllr_july_25	1456808400	usgs_01674500
usgs_01674500	NA	mllr_july_50	1456808400	usgs_01674500
usgs_01674500	NA	mllr_august_05	1456808400	usgs_01674500
usgs_01674500	NA	mllr_august_10	1456808400	usgs_01674500
usgs_01674500	NA	mllr_august_25	1456808400	usgs_01674500
usgs_01674500	NA	mllr_august_50	1456808400	usgs_01674500
usgs_01674500	NA	mllr_september_05	1456808400	usgs_01674500
usgs_01674500	NA	mllr_september_10	1456808400	usgs_01674500
usgs_01674500	NA	mllr_september_25	1456808400	usgs_01674500
usgs_01674500	NA	mllr_september_50	1456808400	usgs_01674500
usgs_01634000	NA	mllr_july_05	1456808400	usgs_01634000
usgs_01634000	NA	mllr_july_10	1456808400	usgs_01634000
usgs_01634000	NA	mllr_july_25	1456808400	usgs_01634000
usgs_01634000	NA	mllr_july_50	1456808400	usgs_01634000
usgs_01634000	NA	mllr_august_05	1456808400	usgs_01634000
usgs_01634000	NA	mllr_august_10	1456808400	usgs_01634000
usgs_01634000	NA	mllr_august_25	1456808400	usgs_01634000
usgs_01634000	NA	mllr_august_50	1456808400	usgs_01634000
usgs_01634000	NA	mllr_september_05	1456808400	usgs_01634000
usgs_01634000	NA	mllr_september_10	1456808400	usgs_01634000
usgs_01634000	NA	mllr_september_25	1456808400	usgs_01634000
usgs_01634000	NA	mllr_september_50	1456808400	usgs_01634000
usgs_01654000	NA	mllr_july_05	1456808400	usgs_01654000
usgs_01654000	NA	mllr_july_10	1456808400	usgs_01654000
usgs_01654000	NA	mllr_july_25	1456808400	usgs_01654000
usgs_01654000	NA	mllr_july_50	1456808400	usgs_01654000
usgs_01654000	NA	mllr_august_05	1456808400	usgs_01654000
usgs_01654000	NA	mllr_august_10	1456808400	usgs_01654000
usgs_01654000	NA	mllr_august_25	1456808400	usgs_01654000
usgs_01654000	NA	mllr_august_50	1456808400	usgs_01654000
usgs_01654000	NA	mllr_september_05	1456808400	usgs_01654000
usgs_01654000	NA	mllr_september_10	1456808400	usgs_01654000
usgs_01654000	NA	mllr_september_25	1456808400	usgs_01654000
usgs_01654000	NA	mllr_september_50	1456808400	usgs_01654000
